1,1,1,1,464,48,0
1,1,2,1,0,0,0
1,1,3,1,60,57,20
1,2,1,1,636,44,1
1,2,2,1,1,0,0
1,2,3,1,29,16,2
1,3,1,1,114,4,0
1,3,4,1,64,2,0
1,3,5,1,152,7,0
1,3,6,1,0,0,0
1,3,3,1,10,5,1
2,1,1,1,305,947,11
2,1,2,1,21,25,5
2,1,3,1,13,67,12
2,2,1,1,373,1197,8
2,2,2,1,26,43,5
2,2,3,1,5,19,3
2,3,1,1,120,334,4
2,3,4,1,23,62,0
2,3,5,1,43,48,3
2,3,6,1,1,0,0
2,3,3,1,0,0,0
3,1,1,1,249,60,1
3,1,2,1,0,1,0
3,1,3,1,21,79,8
3,2,1,1,294,79,1
3,2,2,1,2,3,0
3,2,3,1,4,54,2
3,3,1,1,75,10,0
3,3,4,1,32,1,0
3,3,5,1,46,11,0
3,3,6,1,1,0,0
3,3,3,1,0,0,0
4,1,1,1,227,181,10
4,1,2,1,44,75,0
4,1,3,1,34,140,19
4,2,1,1,411,232,5
4,2,2,1,18,34,0
4,2,3,1,16,76,7
4,3,1,1,52,17,1
4,3,4,1,38,13,0
4,3,5,1,143,13,1
4,3,6,1,3,3,0
4,3,3,1,5,32,5
5,1,1,1,902,504,4
5,1,2,1,0,1,0
5,1,3,1,97,211,27
5,2,1,1,1156,613,5
5,2,2,1,0,2,0
5,2,3,1,11,44,4
5,3,1,1,239,69,2
5,3,4,1,126,23,0
5,3,5,1,80,22,0
5,3,6,1,2,0,0
5,3,3,1,1,10,1
6,1,1,1,266,35,0
6,1,2,1,0,0,0
6,1,3,1,25,60,16
6,2,1,1,393,69,0
6,2,2,1,1,2,0
6,2,3,1,7,27,0
6,3,1,1,68,12,1
6,3,4,1,20,4,0
6,3,5,1,53,2,0
6,3,6,1,4,2,0
6,3,3,1,1,3,0
7,1,1,1,450,651,28
7,1,2,1,53,425,16
7,1,3,1,291,1882,486
7,2,1,1,429,513,22
7,2,2,1,95,542,20
7,2,3,1,217,1552,268
7,3,1,1,111,37,2
7,3,4,1,32,8,1
7,3,5,1,147,178,2
7,3,6,1,4,1,0
7,3,3,1,37,238,30
8,1,1,1,312,1290,13
8,1,2,1,10,160,2
8,1,3,1,46,372,106
8,2,1,1,441,1643,18
8,2,2,1,27,306,4
8,2,3,1,28,227,57
8,3,1,1,129,209,4
8,3,4,1,48,79,0
8,3,5,1,49,278,4
8,3,6,1,0,9,0
8,3,3,1,6,80,16
9,1,1,1,2703,605,18
9,1,2,1,0,0,0
9,1,3,1,0,0,0
9,2,1,1,2913,377,11
9,2,2,1,4,1,0
9,2,3,1,0,0,0
9,3,1,1,962,84,8
9,3,4,1,223,13,0
9,3,5,1,38,8,2
9,3,6,1,72,9,1
9,3,3,1,0,0,0
10,1,1,1,730,403,8
10,1,2,1,22,54,0
10,1,3,1,69,330,86
10,2,1,1,1142,724,6
10,2,2,1,28,141,1
10,2,3,1,40,321,58
10,3,1,1,149,22,0
10,3,4,1,90,13,0
10,3,5,1,335,216,0
10,3,6,1,3,0,0
10,3,3,1,11,69,13
11,1,1,1,2399,1410,14
11,1,2,1,5,2,0
11,1,3,1,116,429,80
11,2,1,1,3063,1238,6
11,2,2,1,8,2,0
11,2,3,1,76,235,18
11,3,1,1,435,51,0
11,3,4,1,109,1,0
11,3,5,1,780,269,2
11,3,6,1,1,0,0
11,3,3,1,33,61,8
12,1,1,1,1116,1106,20
12,1,2,1,170,461,3
12,1,3,1,71,584,138
12,2,1,1,1459,1446,15
12,2,2,1,187,479,4
12,2,3,1,44,484,98
12,3,1,1,241,44,2
12,3,4,1,216,77,3
12,3,5,1,395,493,13
12,3,6,1,0,1,0
12,3,3,1,24,216,45
13,1,1,1,826,558,1
13,1,2,1,144,338,2
13,1,3,1,317,846,244
13,2,1,1,1387,748,4
13,2,2,1,222,382,3
13,2,3,1,120,317,57
13,3,1,1,226,53,1
13,3,4,1,73,8,1
13,3,5,1,609,140,1
13,3,6,1,0,2,0
13,3,3,1,18,95,17
14,1,1,1,3285,971,24
14,1,2,1,26,36,0
14,1,3,1,219,598,122
14,2,1,1,4024,1361,14
14,2,2,1,52,63,0
14,2,3,1,62,270,30
14,3,1,1,771,78,10
14,3,4,1,300,10,6
14,3,5,1,551,57,0
14,3,6,1,8,1,0
14,3,3,1,64,131,24
15,1,1,1,5029,1992,27
15,1,2,1,182,110,2
15,1,3,1,236,332,66
15,2,1,1,5851,1462,18
15,2,2,1,115,53,1
15,2,3,1,104,150,13
15,3,1,1,1834,316,7
15,3,4,1,404,53,1
15,3,5,1,737,274,3
15,3,6,1,6,0,0
15,3,3,1,52,49,5
16,1,1,1,751,461,7
16,1,2,1,9,16,1
16,1,3,1,164,755,110
16,2,1,1,934,565,18
16,2,2,1,5,21,1
16,2,3,1,49,434,39
16,3,1,1,204,43,1
16,3,4,1,60,19,0
16,3,5,1,244,88,4
16,3,6,1,10,7,0
16,3,3,1,21,116,19
17,1,1,1,940,139,5
17,1,2,1,16,2,0
17,1,3,1,61,26,7
17,2,1,1,990,109,1
17,2,2,1,12,4,0
17,2,3,1,29,11,3
17,3,1,1,224,26,2
17,3,4,1,63,5,0
17,3,5,1,144,6,0
17,3,6,1,2,1,0
17,3,3,1,9,3,2
18,1,1,1,514,193,8
18,1,2,1,39,58,1
18,1,3,1,57,198,47
18,2,1,1,700,137,18
18,2,2,1,51,103,2
18,2,3,1,28,111,23
18,3,1,1,125,12,0
18,3,4,1,80,10,0
18,3,5,1,248,44,2
18,3,6,1,3,2,0
18,3,3,1,5,28,4
19,1,1,1,423,2017,21
19,1,2,1,0,1,0
19,1,3,1,37,262,73
19,2,1,1,597,2089,28
19,2,2,1,0,2,0
19,2,3,1,9,77,8
19,3,1,1,196,483,0
19,3,4,1,117,75,0
19,3,5,1,59,24,0
19,3,6,1,2,22,0
19,3,3,1,11,45,6
20,1,1,1,415,802,26
20,1,2,1,196,607,10
20,1,3,1,190,670,91
20,2,1,1,652,960,25
20,2,2,1,224,652,9
20,2,3,1,161,634,57
20,3,1,1,105,56,2
20,3,4,1,43,30,0
20,3,5,1,327,450,12
20,3,6,1,1,1,0
20,3,3,1,88,228,19
21,1,1,1,2140,960,6
21,1,2,1,363,569,4
21,1,3,1,135,698,71
21,2,1,1,2490,1029,10
21,2,2,1,288,436,0
21,2,3,1,72,291,26
21,3,1,1,464,57,2
21,3,4,1,134,27,0
21,3,5,1,962,437,0
21,3,6,1,13,6,0
21,3,3,1,20,36,4
22,1,1,1,533,331,2
22,1,2,1,28,52,5
22,1,3,1,116,392,64
22,2,1,1,731,456,2
22,2,2,1,29,40,6
22,2,3,1,47,144,24
22,3,1,1,152,37,0
22,3,4,1,45,7,0
22,3,5,1,172,62,1
22,3,6,1,0,0,0
22,3,3,1,6,34,0
23,1,1,1,432,64,1
23,1,2,1,46,48,0
23,1,3,1,28,81,20
23,2,1,1,598,124,2
23,2,2,1,33,39,2
23,2,3,1,9,39,7
23,3,1,1,120,7,0
23,3,4,1,50,2,0
23,3,5,1,145,17,0
23,3,6,1,0,0,0
23,3,3,1,10,46,5
24,1,1,1,1275,536,6
24,1,2,1,161,249,2
24,1,3,1,189,662,82
24,2,1,1,1729,590,14
24,2,2,1,142,192,6
24,2,3,1,148,494,45
24,3,1,1,222,44,0
24,3,4,1,97,17,0
24,3,5,1,733,425,4
24,3,6,1,0,1,0
24,3,3,1,32,97,6
25,1,1,1,409,1122,10
25,1,2,1,10,25,0
25,1,3,1,101,597,92
25,2,1,1,748,1460,28
25,2,2,1,13,25,0
25,2,3,1,46,313,22
25,3,1,1,189,200,0
25,3,4,1,67,53,6
25,3,5,1,145,172,4
25,3,6,1,1,4,0
25,3,3,1,15,66,4
26,1,1,1,438,624,10
26,1,2,1,139,97,0
26,1,3,1,51,178,66
26,2,1,1,886,785,17
26,2,2,1,61,50,0
26,2,3,1,10,46,10
26,3,1,1,148,100,1
26,3,4,1,77,47,3
26,3,5,1,150,146,3
26,3,6,1,1,1,0
26,3,3,1,6,27,3
27,1,1,1,584,881,16
27,1,2,1,50,81,1
27,1,3,1,55,260,96
27,2,1,1,715,1083,21
27,2,2,1,35,69,0
27,2,3,1,18,107,33
27,3,1,1,112,75,7
27,3,4,1,63,20,0
27,3,5,1,185,241,3
27,3,6,1,0,0,0
27,3,3,1,6,24,12
28,1,1,1,447,1342,26
28,1,2,1,0,0,0
28,1,3,1,77,320,132
28,2,1,1,779,1493,35
28,2,2,1,2,1,0
28,2,3,1,24,109,31
28,3,1,1,116,181,7
28,3,4,1,71,71,0
28,3,5,1,147,144,7
28,3,6,1,0,4,0
28,3,3,1,3,7,1
29,1,1,1,531,102,1
29,1,2,1,22,5,0
29,1,3,1,67,118,17
29,2,1,1,621,79,1
29,2,2,1,14,0,0
29,2,3,1,29,44,5
29,3,1,1,115,7,0
29,3,4,1,73,2,1
29,3,5,1,139,6,0
29,3,6,1,0,0,0
29,3,3,1,9,18,0
30,1,1,1,1785,2897,57
30,1,2,1,282,816,32
30,1,3,1,491,1255,218
30,2,1,1,3050,4405,82
30,2,2,1,242,697,22
30,2,3,1,251,636,67
30,3,1,1,396,158,3
30,3,4,1,170,56,2
30,3,5,1,974,1316,34
30,3,6,1,12,18,0
30,3,3,1,51,114,4
31,1,1,1,434,288,9
31,1,2,1,132,132,2
31,1,3,1,62,170,35
31,2,1,1,709,427,13
31,2,2,1,90,73,1
31,2,3,1,27,80,12
31,3,1,1,186,78,4
31,3,4,1,57,34,0
31,3,5,1,110,77,0
31,3,6,1,6,5,0
31,3,3,1,22,47,7
32,1,1,1,713,631,9
32,1,2,1,1,0,0
32,1,3,1,102,239,39
32,2,1,1,990,662,9
32,2,2,1,1,2,1
32,2,3,1,51,169,16
32,3,1,1,125,37,1
32,3,4,1,71,5,0
32,3,5,1,395,452,5
32,3,6,1,0,0,0
32,3,3,1,21,41,2
1,1,1,2,17,495,0
1,1,2,2,0,0,0
1,1,3,2,33,93,11
1,2,1,2,17,664,0
1,2,2,2,0,1,0
1,2,3,2,22,23,2
1,3,1,2,1,117,0
1,3,4,2,3,63,0
1,3,5,2,14,145,0
1,3,6,2,0,0,0
1,3,3,2,8,8,0
2,1,1,2,54,1207,2
2,1,2,2,18,33,0
2,1,3,2,46,37,9
2,2,1,2,100,1477,1
2,2,2,2,33,41,0
2,2,3,2,11,15,1
2,3,1,2,15,443,0
2,3,4,2,9,76,0
2,3,5,2,29,65,0
2,3,6,2,0,1,0
2,3,3,2,0,0,0
3,1,1,2,15,295,0
3,1,2,2,1,0,0
3,1,3,2,46,34,28
3,2,1,2,38,336,0
3,2,2,2,1,4,0
3,2,3,2,25,19,16
3,3,1,2,8,77,0
3,3,4,2,5,28,0
3,3,5,2,14,43,0
3,3,6,2,0,1,0
3,3,3,2,0,0,0
4,1,1,2,67,346,5
4,1,2,2,17,102,0
4,1,3,2,40,144,9
4,2,1,2,88,560,0
4,2,2,2,14,38,0
4,2,3,2,23,74,2
4,3,1,2,10,60,0
4,3,4,2,3,48,0
4,3,5,2,22,135,0
4,3,6,2,0,6,0
4,3,3,2,7,33,2
5,1,1,2,48,1362,0
5,1,2,2,0,1,0
5,1,3,2,114,199,22
5,2,1,2,157,1614,3
5,2,2,2,1,1,0
5,2,3,2,14,38,7
5,3,1,2,7,302,1
5,3,4,2,14,135,0
5,3,5,2,25,77,0
5,3,6,2,0,2,0
5,3,3,2,1,10,1
6,1,1,2,17,284,0
6,1,2,2,0,0,0
6,1,3,2,33,51,17
6,2,1,2,54,408,0
6,2,2,2,0,3,0
6,2,3,2,14,18,2
6,3,1,2,3,77,1
6,3,4,2,2,22,0
6,3,5,2,23,32,0
6,3,6,2,0,6,0
6,3,3,2,0,4,0
7,1,1,2,270,853,6
7,1,2,2,236,253,5
7,1,3,2,1188,1149,322
7,2,1,2,286,675,3
7,2,2,2,396,260,1
7,2,3,2,920,886,231
7,3,1,2,8,140,2
7,3,4,2,6,34,1
7,3,5,2,136,190,1
7,3,6,2,0,5,0
7,3,3,2,163,108,34
8,1,1,2,143,1472,0
8,1,2,2,102,68,2
8,1,3,2,253,207,64
8,2,1,2,319,1783,0
8,2,2,2,244,90,3
8,2,3,2,175,107,30
8,3,1,2,24,318,0
8,3,4,2,15,112,0
8,3,5,2,112,218,1
8,3,6,2,0,9,0
8,3,3,2,64,28,10
9,1,1,2,67,3257,2
9,1,2,2,0,0,0
9,1,3,2,0,0,0
9,2,1,2,79,3219,3
9,2,2,2,0,5,0
9,2,3,2,0,0,0
9,3,1,2,24,1024,6
9,3,4,2,6,230,0
9,3,5,2,0,46,2
9,3,6,2,0,81,1
9,3,3,2,0,0,0
10,1,1,2,184,952,5
10,1,2,2,47,29,0
10,1,3,2,193,217,75
10,2,1,2,343,1524,5
10,2,2,2,127,43,0
10,2,3,2,195,156,68
10,3,1,2,9,162,0
10,3,4,2,8,95,0
10,3,5,2,171,380,0
10,3,6,2,0,3,0
10,3,3,2,54,27,12
11,1,1,2,577,3244,2
11,1,2,2,1,6,0
11,1,3,2,247,275,103
11,2,1,2,772,3534,1
11,2,2,2,1,9,0
11,2,3,2,151,130,48
11,3,1,2,20,466,0
11,3,4,2,6,104,0
11,3,5,2,218,832,1
11,3,6,2,0,1,0
11,3,3,2,40,53,9
12,1,1,2,785,1454,3
12,1,2,2,347,285,2
12,1,3,2,201,472,120
12,2,1,2,1131,1787,2
12,2,2,2,406,263,1
12,2,3,2,134,391,101
12,3,1,2,49,238,0
12,3,4,2,115,181,0
12,3,5,2,457,438,6
12,3,6,2,0,1,0
12,3,3,2,93,167,25
13,1,1,2,142,1242,1
13,1,2,2,207,277,0
13,1,3,2,579,643,185
13,2,1,2,454,1684,1
13,2,2,2,340,267,0
13,2,3,2,207,235,52
13,3,1,2,14,266,0
13,3,4,2,3,78,1
13,3,5,2,221,528,1
13,3,6,2,0,2,0
13,3,3,2,64,53,13
14,1,1,2,318,3941,21
14,1,2,2,17,45,0
14,1,3,2,215,572,152
14,2,1,2,769,4624,6
14,2,2,2,49,66,0
14,2,3,2,67,237,58
14,3,1,2,41,813,5
14,3,4,2,21,289,6
14,3,5,2,185,423,0
14,3,6,2,0,9,0
14,3,3,2,49,150,20
15,1,1,2,710,6327,11
15,1,2,2,94,199,1
15,1,3,2,148,403,83
15,2,1,2,970,6350,11
15,2,2,2,53,115,1
15,2,3,2,78,168,21
15,3,1,2,151,2003,3
15,3,4,2,46,412,0
15,3,5,2,306,708,0
15,3,6,2,0,6,0
15,3,3,2,21,75,10
16,1,1,2,130,1087,2
16,1,2,2,7,19,0
16,1,3,2,374,549,106
16,2,1,2,290,1227,0
16,2,2,2,8,19,0
16,2,3,2,190,281,51
16,3,1,2,12,236,0
16,3,4,2,7,72,0
16,3,5,2,123,210,3
16,3,6,2,0,17,0
16,3,3,2,49,78,29
17,1,1,2,133,948,3
17,1,2,2,8,10,0
17,1,3,2,20,68,6
17,2,1,2,167,933,0
17,2,2,2,9,7,0
17,2,3,2,9,30,4
17,3,1,2,19,233,0
17,3,4,2,14,54,0
17,3,5,2,54,96,0
17,3,6,2,0,3,0
17,3,3,2,2,11,1
18,1,1,2,134,577,4
18,1,2,2,40,57,1
18,1,3,2,92,161,49
18,2,1,2,205,640,10
18,2,2,2,67,88,1
18,2,3,2,38,101,23
18,3,1,2,18,119,0
18,3,4,2,25,65,0
18,3,5,2,130,164,0
18,3,6,2,1,4,0
18,3,3,2,8,20,9
19,1,1,2,147,2312,2
19,1,2,2,0,1,0
19,1,3,2,172,120,80
19,2,1,2,387,2323,4
19,2,2,2,0,2,0
19,2,3,2,48,37,9
19,3,1,2,15,664,0
19,3,4,2,7,185,0
19,3,5,2,30,53,0
19,3,6,2,0,24,0
19,3,3,2,25,30,7
20,1,1,2,469,774,0
20,1,2,2,434,377,2
20,1,3,2,512,370,69
20,2,1,2,630,1006,1
20,2,2,2,521,363,1
20,2,3,2,479,319,54
20,3,1,2,30,133,0
20,3,4,2,11,62,0
20,3,5,2,373,414,2
20,3,6,2,1,1,0
20,3,3,2,191,114,30
21,1,1,2,326,2777,3
21,1,2,2,335,601,0
21,1,3,2,446,409,49
21,2,1,2,571,2950,8
21,2,2,2,334,390,0
21,2,3,2,219,151,19
21,3,1,2,31,490,2
21,3,4,2,22,139,0
21,3,5,2,382,1017,0
21,3,6,2,0,19,0
21,3,3,2,34,22,4
22,1,1,2,93,771,2
22,1,2,2,38,45,2
22,1,3,2,183,360,29
22,2,1,2,231,958,0
22,2,2,2,39,35,1
22,2,3,2,78,127,10
22,3,1,2,8,181,0
22,3,4,2,8,44,0
22,3,5,2,85,150,0
22,3,6,2,0,0,0
22,3,3,2,21,19,0
23,1,1,2,45,452,0
23,1,2,2,18,76,0
23,1,3,2,54,61,14
23,2,1,2,83,641,0
23,2,2,2,10,64,0
23,2,3,2,16,33,6
23,3,1,2,18,109,0
23,3,4,2,10,42,0
23,3,5,2,33,129,0
23,3,6,2,0,0,0
23,3,3,2,13,41,7
24,1,1,2,469,1348,0
24,1,2,2,302,110,0
24,1,3,2,698,180,55
24,2,1,2,876,1457,0
24,2,2,2,273,65,2
24,2,3,2,497,149,41
24,3,1,2,12,254,0
24,3,4,2,15,99,0
24,3,5,2,671,491,0
24,3,6,2,0,1,0
24,3,3,2,104,23,8
25,1,1,2,248,1292,1
25,1,2,2,14,21,0
25,1,3,2,276,446,68
25,2,1,2,386,1847,3
25,2,2,2,18,20,0
25,2,3,2,138,216,27
25,3,1,2,40,349,0
25,3,4,2,10,116,0
25,3,5,2,103,217,1
25,3,6,2,0,5,0
25,3,3,2,38,44,3
26,1,1,2,53,1017,2
26,1,2,2,68,168,0
26,1,3,2,131,117,47
26,2,1,2,176,1502,10
26,2,2,2,45,66,0
26,2,3,2,30,26,10
26,3,1,2,8,240,1
26,3,4,2,7,118,2
26,3,5,2,77,221,1
26,3,6,2,0,2,0
26,3,3,2,15,14,7
27,1,1,2,334,1147,0
27,1,2,2,43,89,0
27,1,3,2,138,167,106
27,2,1,2,469,1350,0
27,2,2,2,32,72,0
27,2,3,2,52,75,31
27,3,1,2,23,171,0
27,3,4,2,4,79,0
27,3,5,2,142,287,0
27,3,6,2,0,0,0
27,3,3,2,18,22,2
28,1,1,2,104,1709,2
28,1,2,2,0,0,0
28,1,3,2,261,230,38
28,2,1,2,265,2037,5
28,2,2,2,0,3,0
28,2,3,2,92,60,12
28,3,1,2,5,299,0
28,3,4,2,3,139,0
28,3,5,2,71,226,1
28,3,6,2,0,4,0
28,3,3,2,8,3,0
29,1,1,2,16,617,1
29,1,2,2,1,26,0
29,1,3,2,43,144,15
29,2,1,2,23,678,0
29,2,2,2,2,12,0
29,2,3,2,17,55,6
29,3,1,2,2,120,0
29,3,4,2,4,71,1
29,3,5,2,20,125,0
29,3,6,2,0,0,0
29,3,3,2,6,19,2
30,1,1,2,1147,3587,5
30,1,2,2,690,438,2
30,1,3,2,941,838,185
30,2,1,2,2298,5234,5
30,2,2,2,598,362,1
30,2,3,2,467,392,95
30,3,1,2,58,498,1
30,3,4,2,38,188,2
30,3,5,2,858,1454,12
30,3,6,2,5,25,0
30,3,3,2,79,77,13
31,1,1,2,39,689,3
31,1,2,2,21,245,0
31,1,3,2,62,148,57
31,2,1,2,84,1064,1
31,2,2,2,12,152,0
31,2,3,2,37,60,22
31,3,1,2,25,243,0
31,3,4,2,11,80,0
31,3,5,2,17,170,0
31,3,6,2,1,10,0
31,3,3,2,22,40,14
32,1,1,2,305,1044,4
32,1,2,2,0,1,0
32,1,3,2,161,166,53
32,2,1,2,449,1211,1
32,2,2,2,2,2,0
32,2,3,2,119,88,29
32,3,1,2,17,145,1
32,3,4,2,12,64,0
32,3,5,2,313,536,3
32,3,6,2,0,0,0
32,3,3,2,33,24,7
1,1,1,3,512,0,0
1,1,2,3,0,0,0
1,1,3,3,120,12,5
1,2,1,3,680,1,0
1,2,2,3,1,0,0
1,2,3,3,36,8,3
1,3,1,3,118,0,0
1,3,4,3,66,0,0
1,3,5,3,159,0,0
1,3,6,3,0,0,0
1,3,3,3,14,2,0
2,1,1,3,1214,47,2
2,1,2,3,46,5,0
2,1,3,3,79,12,1
2,2,1,3,1526,51,1
2,2,2,3,61,13,0
2,2,3,3,23,4,0
2,3,1,3,440,18,0
2,3,4,3,84,1,0
2,3,5,3,83,11,0
2,3,6,3,1,0,0
2,3,3,3,0,0,0
3,1,1,3,307,3,0
3,1,2,3,0,1,0
3,1,3,3,70,13,25
3,2,1,3,366,8,0
3,2,2,3,5,0,0
3,2,3,3,29,13,18
3,3,1,3,85,0,0
3,3,4,3,32,1,0
3,3,5,3,56,1,0
3,3,6,3,1,0,0
3,3,3,3,0,0,0
4,1,1,3,385,28,5
4,1,2,3,107,12,0
4,1,3,3,157,31,5
4,2,1,3,624,24,0
4,2,2,3,41,11,0
4,2,3,3,71,26,2
4,3,1,3,70,0,0
4,3,4,3,51,0,0
4,3,5,3,154,3,0
4,3,6,3,5,1,0
4,3,3,3,38,4,0
5,1,1,3,1393,17,0
5,1,2,3,1,0,0
5,1,3,3,265,61,9
5,2,1,3,1729,42,3
5,2,2,3,2,0,0
5,2,3,3,39,18,2
5,3,1,3,307,2,1
5,3,4,3,147,2,0
5,3,5,3,99,3,0
5,3,6,3,2,0,0
5,3,3,3,7,5,0
6,1,1,3,300,1,0
6,1,2,3,0,0,0
6,1,3,3,91,8,2
6,2,1,3,461,1,0
6,2,2,3,2,1,0
6,2,3,3,27,7,0
6,3,1,3,80,0,1
6,3,4,3,24,0,0
6,3,5,3,54,1,0
6,3,6,3,6,0,0
6,3,3,3,2,2,0
7,1,1,3,976,147,6
7,1,2,3,224,265,5
7,1,3,3,1498,916,245
7,2,1,3,807,154,3
7,2,2,3,292,364,1
7,2,3,3,1062,780,195
7,3,1,3,143,5,2
7,3,4,3,38,2,1
7,3,5,3,251,75,1
7,3,6,3,5,0,0
7,3,3,3,191,93,21
8,1,1,3,1527,88,0
8,1,2,3,75,95,2
8,1,3,3,298,169,57
8,2,1,3,1962,140,0
8,2,2,3,129,205,3
8,2,3,3,150,114,48
8,3,1,3,336,6,0
8,3,4,3,122,5,0
8,3,5,3,263,67,1
8,3,6,3,8,1,0
8,3,3,3,48,40,14
9,1,1,3,3308,16,2
9,1,2,3,0,0,0
9,1,3,3,0,0,0
9,2,1,3,3285,13,3
9,2,2,3,5,0,0
9,2,3,3,0,0,0
9,3,1,3,1046,2,6
9,3,4,3,236,0,0
9,3,5,3,46,0,2
9,3,6,3,81,0,1
9,3,3,3,0,0,0
10,1,1,3,1073,63,5
10,1,2,3,27,49,0
10,1,3,3,289,130,66
10,2,1,3,1782,85,5
10,2,2,3,52,118,0
10,2,3,3,196,147,76
10,3,1,3,169,2,0
10,3,4,3,102,1,0
10,3,5,3,511,40,0
10,3,6,3,3,0,0
10,3,3,3,52,24,17
11,1,1,3,3619,202,2
11,1,2,3,7,0,0
11,1,3,3,434,130,61
11,2,1,3,4155,151,1
11,2,2,3,10,0,0
11,2,3,3,207,96,26
11,3,1,3,484,2,0
11,3,4,3,110,0,0
11,3,5,3,1009,41,1
11,3,6,3,1,0,0
11,3,3,3,66,28,8
12,1,1,3,1993,246,3
12,1,2,3,328,304,2
12,1,3,3,372,342,79
12,2,1,3,2583,335,2
12,2,2,3,327,342,1
12,2,3,3,245,313,68
12,3,1,3,279,8,0
12,3,4,3,269,27,0
12,3,5,3,697,198,6
12,3,6,3,1,0,0
12,3,3,3,159,107,19
13,1,1,3,1355,29,1
13,1,2,3,351,133,0
13,1,3,3,1192,165,50
13,2,1,3,2019,119,1
13,2,2,3,421,186,0
13,2,3,3,402,74,18
13,3,1,3,280,0,0
13,3,4,3,81,0,1
13,3,5,3,719,30,1
13,3,6,3,2,0,0
13,3,3,3,92,30,8
14,1,1,3,4179,80,21
14,1,2,3,44,18,0
14,1,3,3,706,175,58
14,2,1,3,5292,101,6
14,2,2,3,70,45,0
14,2,3,3,230,106,26
14,3,1,3,845,9,5
14,3,4,3,306,4,6
14,3,5,3,595,13,0
14,3,6,3,8,1,0
14,3,3,3,173,35,11
15,1,1,3,6915,122,11
15,1,2,3,260,33,1
15,1,3,3,496,114,24
15,2,1,3,7198,122,11
15,2,2,3,159,9,1
15,2,3,3,204,60,3
15,3,1,3,2138,16,3
15,3,4,3,453,5,0
15,3,5,3,992,22,0
15,3,6,3,6,0,0
15,3,3,3,88,12,6
16,1,1,3,1174,43,2
16,1,2,3,21,5,0
16,1,3,3,646,315,68
16,2,1,3,1443,74,0
16,2,2,3,22,5,0
16,2,3,3,256,220,46
16,3,1,3,240,8,0
16,3,4,3,78,1,0
16,3,5,3,317,16,3
16,3,6,3,16,1,0
16,3,3,3,82,58,16
17,1,1,3,1070,11,3
17,1,2,3,18,0,0
17,1,3,3,90,4,0
17,2,1,3,1092,8,0
17,2,2,3,14,2,0
17,2,3,3,40,3,0
17,3,1,3,250,2,0
17,3,4,3,68,0,0
17,3,5,3,147,3,0
17,3,6,3,2,1,0
17,3,3,3,14,0,0
18,1,1,3,694,17,4
18,1,2,3,78,19,1
18,1,3,3,154,112,36
18,2,1,3,823,22,10
18,2,2,3,107,48,1
18,2,3,3,65,81,16
18,3,1,3,136,1,0
18,3,4,3,90,0,0
18,3,5,3,281,13,0
18,3,6,3,5,0,0
18,3,3,3,15,15,7
19,1,1,3,2372,87,2
19,1,2,3,1,0,0
19,1,3,3,226,121,25
19,2,1,3,2590,120,4
19,2,2,3,2,0,0
19,2,3,3,45,42,7
19,3,1,3,672,7,0
19,3,4,3,190,2,0
19,3,5,3,76,7,0
19,3,6,3,23,1,0
19,3,3,3,40,18,4
20,1,1,3,1000,243,0
20,1,2,3,488,323,2
20,1,3,3,597,290,64
20,2,1,3,1400,236,1
20,2,2,3,533,351,1
20,2,3,3,475,322,55
20,3,1,3,154,9,0
20,3,4,3,70,3,0
20,3,5,3,601,186,2
20,3,6,3,1,1,0
20,3,3,3,198,115,22
21,1,1,3,3025,78,3
21,1,2,3,750,186,0
21,1,3,3,632,249,23
21,2,1,3,3385,136,8
21,2,2,3,552,172,0
21,2,3,3,263,114,12
21,3,1,3,516,5,2
21,3,4,3,157,4,0
21,3,5,3,1289,110,0
21,3,6,3,18,1,0
21,3,3,3,43,15,2
22,1,1,3,850,14,2
22,1,2,3,71,12,2
22,1,3,3,457,102,13
22,2,1,3,1160,29,0
22,2,2,3,63,11,1
22,2,3,3,145,62,8
22,3,1,3,187,2,0
22,3,4,3,52,0,0
22,3,5,3,232,3,0
22,3,6,3,0,0,0
22,3,3,3,33,7,0
23,1,1,3,492,5,0
23,1,2,3,85,9,0
23,1,3,3,111,14,4
23,2,1,3,712,12,0
23,2,2,3,69,5,0
23,2,3,3,42,11,2
23,3,1,3,127,0,0
23,3,4,3,52,0,0
23,3,5,3,160,2,0
23,3,6,3,0,0,0
23,3,3,3,40,15,6
24,1,1,3,1640,177,0
24,1,2,3,228,184,0
24,1,3,3,666,186,81
24,2,1,3,2123,210,0
24,2,2,3,176,162,2
24,2,3,3,470,149,68
24,3,1,3,261,5,0
24,3,4,3,113,1,0
24,3,5,3,929,233,0
24,3,6,3,1,0,0
24,3,3,3,93,27,15
25,1,1,3,1451,89,1
25,1,2,3,31,4,0
25,1,3,3,568,195,27
25,2,1,3,2169,64,3
25,2,2,3,31,7,0
25,2,3,3,241,127,13
25,3,1,3,382,7,0
25,3,4,3,125,1,0
25,3,5,3,305,15,1
25,3,6,3,5,0,0
25,3,3,3,61,23,1
26,1,1,3,1053,17,2
26,1,2,3,211,25,0
26,1,3,3,226,51,18
26,2,1,3,1637,41,10
26,2,2,3,91,20,0
26,2,3,3,39,22,5
26,3,1,3,247,1,1
26,3,4,3,123,2,2
26,3,5,3,287,11,1
26,3,6,3,2,0,0
26,3,3,3,20,13,3
27,1,1,3,1449,32,0
27,1,2,3,130,2,0
27,1,3,3,370,17,24
27,2,1,3,1771,48,0
27,2,2,3,97,7,0
27,2,3,3,139,9,10
27,3,1,3,192,2,0
27,3,4,3,82,1,0
27,3,5,3,416,13,0
27,3,6,3,0,0,0
27,3,3,3,37,3,2
28,1,1,3,1735,78,2
28,1,2,3,0,0,0
28,1,3,3,321,170,38
28,2,1,3,2206,96,5
28,2,2,3,3,0,0
28,2,3,3,91,57,16
28,3,1,3,301,3,0
28,3,4,3,139,3,0
28,3,5,3,285,12,1
28,3,6,3,4,0,0
28,3,3,3,3,8,0
29,1,1,3,630,3,1
29,1,2,3,27,0,0
29,1,3,3,184,13,5
29,2,1,3,700,1,0
29,2,2,3,14,0,0
29,2,3,3,67,10,1
29,3,1,3,122,0,0
29,3,4,3,75,0,1
29,3,5,3,144,1,0
29,3,6,3,0,0,0
29,3,3,3,23,4,0
30,1,1,3,4346,388,5
30,1,2,3,657,471,2
30,1,3,3,1635,239,90
30,2,1,3,6881,651,5
30,2,2,3,570,390,1
30,2,3,3,759,145,50
30,3,1,3,536,20,1
30,3,4,3,221,5,2
30,3,5,3,2006,306,12
30,3,6,3,29,1,0
30,3,3,3,137,27,5
31,1,1,3,722,6,3
31,1,2,3,261,5,0
31,1,3,3,204,43,20
31,2,1,3,1135,13,1
31,2,2,3,160,4,0
31,2,3,3,88,22,9
31,3,1,3,266,2,0
31,3,4,3,91,0,0
31,3,5,3,184,3,0
31,3,6,3,11,0,0
31,3,3,3,59,9,8
32,1,1,3,1241,108,4
32,1,2,3,1,0,0
32,1,3,3,308,60,12
32,2,1,3,1603,57,1
32,2,2,3,4,0,0
32,2,3,3,181,38,17
32,3,1,3,159,3,1
32,3,4,3,74,2,0
32,3,5,3,790,59,3
32,3,6,3,0,0,0
32,3,3,3,47,12,5
1,1,1,4,504,8,0
1,1,2,4,0,0,0
1,1,3,4,96,32,9
1,2,1,4,661,20,0
1,2,2,4,1,0,0
1,2,3,4,19,23,5
1,3,1,4,118,0,0
1,3,4,4,63,3,0
1,3,5,4,146,13,0
1,3,6,4,0,0,0
1,3,3,4,7,8,1
2,1,1,4,1060,200,3
2,1,2,4,20,29,2
2,1,3,4,29,56,7
2,2,1,4,1285,289,4
2,2,2,4,23,51,0
2,2,3,4,10,15,2
2,3,1,4,400,58,0
2,3,4,4,69,16,0
2,3,5,4,32,62,0
2,3,6,4,1,0,0
2,3,3,4,0,0,0
3,1,1,4,249,60,1
3,1,2,4,0,1,0
3,1,3,4,12,88,8
3,2,1,4,255,118,1
3,2,2,4,2,3,0
3,2,3,4,3,54,3
3,3,1,4,69,16,0
3,3,4,4,21,12,0
3,3,5,4,22,35,0
3,3,6,4,1,0,0
3,3,3,4,0,0,0
4,1,1,4,267,141,10
4,1,2,4,39,80,0
4,1,3,4,57,120,16
4,2,1,4,310,333,5
4,2,2,4,11,41,0
4,2,3,4,29,67,3
4,3,1,4,53,15,2
4,3,4,4,29,22,0
4,3,5,4,81,76,0
4,3,6,4,3,3,0
4,3,3,4,16,21,5
5,1,1,4,1252,157,1
5,1,2,4,1,0,0
5,1,3,4,63,250,22
5,2,1,4,1325,443,6
5,2,2,4,1,1,0
5,2,3,4,9,48,2
5,3,1,4,284,25,1
5,3,4,4,112,37,0
5,3,5,4,26,76,0
5,3,6,4,2,0,0
5,3,3,4,2,9,1
6,1,1,4,276,24,1
6,1,2,4,0,0,0
6,1,3,4,46,45,10
6,2,1,4,381,81,0
6,2,2,4,2,1,0
6,2,3,4,13,21,0
6,3,1,4,78,2,1
6,3,4,4,19,5,0
6,3,5,4,25,30,0
6,3,6,4,6,0,0
6,3,3,4,0,4,0
7,1,1,4,698,406,25
7,1,2,4,120,360,14
7,1,3,4,549,1738,372
7,2,1,4,511,439,14
7,2,2,4,118,521,18
7,2,3,4,320,1501,216
7,3,1,4,128,20,2
7,3,4,4,27,13,1
7,3,5,4,91,233,3
7,3,6,4,5,0,0
7,3,3,4,47,232,26
8,1,1,4,1307,299,9
8,1,2,4,24,146,2
8,1,3,4,129,324,71
8,2,1,4,1540,552,10
8,2,2,4,33,299,5
8,2,3,4,49,216,47
8,3,1,4,297,42,3
8,3,4,4,111,15,1
8,3,5,4,83,246,2
8,3,6,4,8,1,0
8,3,3,4,18,74,10
9,1,1,4,3205,104,17
9,1,2,4,0,0,0
9,1,3,4,0,0,0
9,2,1,4,3205,82,14
9,2,2,4,5,0,0
9,2,3,4,0,0,0
9,3,1,4,1017,28,9
9,3,4,4,230,6,0
9,3,5,4,44,1,3
9,3,6,4,79,2,1
9,3,3,4,0,0,0
10,1,1,4,795,339,7
10,1,2,4,12,64,0
10,1,3,4,110,304,71
10,2,1,4,1043,820,9
10,2,2,4,13,157,0
10,2,3,4,57,315,47
10,3,1,4,151,20,0
10,3,4,4,83,19,1
10,3,5,4,190,361,0
10,3,6,4,2,1,0
10,3,3,4,16,66,11
11,1,1,4,2607,1209,7
11,1,2,4,5,2,0
11,1,3,4,151,399,75
11,2,1,4,2807,1490,10
11,2,2,4,7,3,0
11,2,3,4,47,258,24
11,3,1,4,444,42,0
11,3,4,4,98,12,0
11,3,5,4,577,472,2
11,3,6,4,1,0,0
11,3,3,4,6,84,12
12,1,1,4,967,1259,16
12,1,2,4,81,550,3
12,1,3,4,117,552,124
12,2,1,4,1115,1787,18
12,2,2,4,89,580,1
12,2,3,4,78,454,94
12,3,1,4,205,82,0
12,3,4,4,118,175,3
12,3,5,4,108,784,9
12,3,6,4,1,0,0
12,3,3,4,31,211,43
13,1,1,4,1187,197,1
13,1,2,4,181,302,1
13,1,3,4,581,644,182
13,2,1,4,1486,650,3
13,2,2,4,179,424,4
13,2,3,4,146,301,47
13,3,1,4,263,16,1
13,3,4,4,71,10,1
13,3,5,4,340,408,2
13,3,6,4,2,0,0
13,3,3,4,23,94,13
14,1,1,4,3713,544,23
14,1,2,4,12,50,0
14,1,3,4,363,482,94
14,2,1,4,4183,1203,13
14,2,2,4,20,95,0
14,2,3,4,100,231,31
14,3,1,4,813,38,8
14,3,4,4,280,30,6
14,3,5,4,320,288,0
14,3,6,4,9,0,0
14,3,3,4,95,106,18
15,1,1,4,5649,1363,36
15,1,2,4,96,197,1
15,1,3,4,225,332,77
15,2,1,4,5653,1656,22
15,2,2,4,54,114,1
15,2,3,4,79,170,18
15,3,1,4,1922,229,6
15,3,4,4,373,84,1
15,3,5,4,503,508,3
15,3,6,4,6,0,0
15,3,3,4,32,67,7
16,1,1,4,994,220,5
16,1,2,4,6,19,1
16,1,3,4,295,634,100
16,2,1,4,1097,402,18
16,2,2,4,4,22,1
16,2,3,4,83,403,36
16,3,1,4,227,20,1
16,3,4,4,59,20,0
16,3,5,4,132,198,6
16,3,6,4,17,0,0
16,3,3,4,27,112,17
17,1,1,4,841,240,3
17,1,2,4,7,11,0
17,1,3,4,43,40,11
17,2,1,4,796,302,2
17,2,2,4,4,12,0
17,2,3,4,19,18,6
17,3,1,4,220,32,0
17,3,4,4,53,15,0
17,3,5,4,52,98,0
17,3,6,4,2,1,0
17,3,3,4,3,10,1
18,1,1,4,440,265,10
18,1,2,4,6,90,2
18,1,3,4,48,205,49
18,2,1,4,463,372,20
18,2,2,4,8,146,2
18,2,3,4,18,118,26
18,3,1,4,105,31,1
18,3,4,4,45,45,0
18,3,5,4,36,255,3
18,3,6,4,5,0,0
18,3,3,4,4,27,6
19,1,1,4,2113,340,8
19,1,2,4,1,0,0
19,1,3,4,74,242,56
19,2,1,4,2028,677,9
19,2,2,4,2,0,0
19,2,3,4,3,83,8
19,3,1,4,637,41,1
19,3,4,4,168,22,2
19,3,5,4,24,59,0
19,3,6,4,24,0,0
19,3,3,4,5,48,9
20,1,1,4,365,851,27
20,1,2,4,115,691,7
20,1,3,4,103,764,84
20,2,1,4,403,1209,25
20,2,2,4,83,795,7
20,2,3,4,72,724,56
20,3,1,4,92,70,1
20,3,4,4,30,41,2
20,3,5,4,91,689,9
20,3,6,4,1,1,0
20,3,3,4,30,282,23
21,1,1,4,2570,529,7
21,1,2,4,433,499,4
21,1,3,4,283,564,57
21,2,1,4,2589,925,15
21,2,2,4,250,473,1
21,2,3,4,79,282,28
21,3,1,4,485,36,2
21,3,4,4,130,31,0
21,3,5,4,755,642,2
21,3,6,4,18,1,0
21,3,3,4,13,45,2
22,1,1,4,699,165,2
22,1,2,4,24,57,4
22,1,3,4,156,370,46
22,2,1,4,789,396,4
22,2,2,4,14,55,6
22,2,3,4,45,154,16
22,3,1,4,179,10,0
22,3,4,4,41,11,0
22,3,5,4,82,152,1
22,3,6,4,0,0,0
22,3,3,4,9,30,1
23,1,1,4,318,178,1
23,1,2,4,23,71,0
23,1,3,4,31,76,22
23,2,1,4,414,309,1
23,2,2,4,10,62,2
23,2,3,4,19,30,6
23,3,1,4,93,34,0
23,3,4,4,32,20,0
23,3,5,4,34,127,1
23,3,6,4,0,0,0
23,3,3,4,22,38,1
24,1,1,4,997,813,7
24,1,2,4,26,385,1
24,1,3,4,81,766,86
24,2,1,4,1041,1278,14
24,2,2,4,14,321,5
24,2,3,4,42,591,54
24,3,1,4,243,23,0
24,3,4,4,80,34,0
24,3,5,4,129,1030,3
24,3,6,4,1,0,0
24,3,3,4,7,121,7
25,1,1,4,991,543,7
25,1,2,4,12,23,0
25,1,3,4,247,493,50
25,2,1,4,1364,860,12
25,2,2,4,13,25,0
25,2,3,4,81,285,15
25,3,1,4,310,79,0
25,3,4,4,101,23,2
25,3,5,4,75,244,2
25,3,6,4,4,1,0
25,3,3,4,26,58,1
26,1,1,4,936,131,5
26,1,2,4,53,183,0
26,1,3,4,94,155,46
26,2,1,4,1269,408,11
26,2,2,4,18,93,0
26,2,3,4,18,44,4
26,3,1,4,240,8,1
26,3,4,4,107,18,2
26,3,5,4,93,202,4
26,3,6,4,2,0,0
26,3,3,4,9,24,3
27,1,1,4,682,788,11
27,1,2,4,37,94,1
27,1,3,4,86,243,82
27,2,1,4,669,1131,19
27,2,2,4,14,90,0
27,2,3,4,32,98,28
27,3,1,4,139,48,7
27,3,4,4,67,16,0
27,3,5,4,69,358,2
27,3,6,4,0,0,0
27,3,3,4,10,26,6
28,1,1,4,1484,308,23
28,1,2,4,0,0,0
28,1,3,4,135,326,68
28,2,1,4,1537,742,28
28,2,2,4,2,1,0
28,2,3,4,22,126,16
28,3,1,4,281,17,6
28,3,4,4,122,20,0
28,3,5,4,57,234,7
28,3,6,4,4,0,0
28,3,3,4,2,9,0
29,1,1,4,607,26,1
29,1,2,4,25,2,0
29,1,3,4,139,54,9
29,2,1,4,665,36,0
29,2,2,4,13,1,0
29,2,3,4,43,34,1
29,3,1,4,120,2,0
29,3,4,4,70,5,1
29,3,5,4,118,27,0
29,3,6,4,0,0,0
29,3,3,4,13,14,0
30,1,1,4,2546,2147,46
30,1,2,4,163,935,32
30,1,3,4,466,1294,204
30,2,1,4,3490,3980,67
30,2,2,4,119,813,29
30,2,3,4,208,685,61
30,3,1,4,469,86,2
30,3,4,4,150,76,2
30,3,5,4,657,1628,39
30,3,6,4,24,6,0
30,3,3,4,26,134,9
31,1,1,4,551,170,10
31,1,2,4,181,83,2
31,1,3,4,131,112,24
31,2,1,4,739,401,9
31,2,2,4,103,60,1
31,2,3,4,44,66,9
31,3,1,4,192,72,4
31,3,4,4,58,33,0
31,3,5,4,108,79,0
31,3,6,4,8,3,0
31,3,3,4,36,33,7
32,1,1,4,888,458,7
32,1,2,4,1,0,0
32,1,3,4,133,211,36
32,2,1,4,1034,622,5
32,2,2,4,1,2,1
32,2,3,4,64,156,16
32,3,1,4,137,25,1
32,3,4,4,65,11,0
32,3,5,4,377,470,5
32,3,6,4,0,0,0
32,3,3,4,17,43,4
1,1,1,5,315,195,2
1,1,2,5,0,0,0
1,1,3,5,2,110,25
1,2,1,5,349,329,3
1,2,2,5,1,0,0
1,2,3,5,1,43,3
1,3,1,5,116,2,0
1,3,4,5,60,5,1
1,3,5,5,33,126,0
1,3,6,5,0,0,0
1,3,3,5,0,15,1
2,1,1,5,1059,197,7
2,1,2,5,14,37,0
2,1,3,5,3,83,6
2,2,1,5,1384,186,8
2,2,2,5,32,42,0
2,2,3,5,2,24,1
2,3,1,5,437,18,3
2,3,4,5,81,2,2
2,3,5,5,45,48,1
2,3,6,5,1,0,0
2,3,3,5,0,0,0
3,1,1,5,203,105,2
3,1,2,5,0,1,0
3,1,3,5,1,99,8
3,2,1,5,227,145,2
3,2,2,5,2,3,0
3,2,3,5,0,56,4
3,3,1,5,82,3,0
3,3,4,5,29,4,0
3,3,5,5,14,40,3
3,3,6,5,1,0,0
3,3,3,5,0,0,0
4,1,1,5,138,277,3
4,1,2,5,1,118,0
4,1,3,5,7,161,25
4,2,1,5,147,498,3
4,2,2,5,0,52,0
4,2,3,5,1,92,6
4,3,1,5,65,5,0
4,3,4,5,29,22,0
4,3,5,5,6,151,0
4,3,6,5,0,5,1
4,3,3,5,1,34,7
5,1,1,5,859,544,7
5,1,2,5,0,1,0
5,1,3,5,6,307,22
5,2,1,5,965,797,12
5,2,2,5,0,2,0
5,2,3,5,4,52,3
5,3,1,5,293,16,1
5,3,4,5,122,26,1
5,3,5,5,4,94,4
5,3,6,5,1,1,0
5,3,3,5,1,10,1
6,1,1,5,150,148,3
6,1,2,5,0,0,0
6,1,3,5,7,78,16
6,2,1,5,274,186,2
6,2,2,5,0,3,0
6,2,3,5,1,32,1
6,3,1,5,75,6,0
6,3,4,5,23,1,0
6,3,5,5,16,39,0
6,3,6,5,3,3,0
6,3,3,5,1,3,0
7,1,1,5,230,872,27
7,1,2,5,3,472,19
7,1,3,5,69,2141,449
7,2,1,5,223,721,20
7,2,2,5,9,635,13
7,2,3,5,53,1738,246
7,3,1,5,108,40,2
7,3,4,5,23,16,2
7,3,5,5,19,304,4
7,3,6,5,3,2,0
7,3,3,5,6,265,34
8,1,1,5,844,743,28
8,1,2,5,0,165,7
8,1,3,5,9,437,78
8,2,1,5,1227,850,25
8,2,2,5,8,316,13
8,2,3,5,10,251,51
8,3,1,5,304,35,3
8,3,4,5,119,7,1
8,3,5,5,46,278,7
8,3,6,5,2,7,0
8,3,3,5,2,88,12
9,1,1,5,3305,14,7
9,1,2,5,0,0,0
9,1,3,5,0,0,0
9,2,1,5,3257,29,15
9,2,2,5,5,0,0
9,2,3,5,0,0,0
9,3,1,5,1044,8,2
9,3,4,5,234,0,2
9,3,5,5,48,0,0
9,3,6,5,75,7,0
9,3,3,5,0,0,0
10,1,1,5,297,826,18
10,1,2,5,0,75,1
10,1,3,5,12,395,78
10,2,1,5,497,1344,31
10,2,2,5,0,168,2
10,2,3,5,8,364,47
10,3,1,5,140,30,1
10,3,4,5,82,21,0
10,3,5,5,35,511,5
10,3,6,5,0,3,0
10,3,3,5,3,78,12
11,1,1,5,1272,2513,38
11,1,2,5,1,6,0
11,1,3,5,2,550,73
11,2,1,5,1596,2675,36
11,2,2,5,4,6,0
11,2,3,5,5,303,21
11,3,1,5,443,40,3
11,3,4,5,107,3,0
11,3,5,5,255,787,9
11,3,6,5,0,1,0
11,3,3,5,1,92,9
12,1,1,5,474,1736,32
12,1,2,5,2,626,6
12,1,3,5,12,642,139
12,2,1,5,707,2183,30
12,2,2,5,13,654,3
12,2,3,5,9,515,102
12,3,1,5,208,76,3
12,3,4,5,129,166,1
12,3,5,5,45,835,21
12,3,6,5,0,1,0
12,3,3,5,5,240,40
13,1,1,5,539,840,6
13,1,2,5,6,477,1
13,1,3,5,24,1127,256
13,2,1,5,726,1402,11
13,2,2,5,12,590,5
13,2,3,5,9,433,52
13,3,1,5,256,22,2
13,3,4,5,65,17,0
13,3,5,5,128,618,4
13,3,6,5,2,0,0
13,3,3,5,2,113,15
14,1,1,5,2348,1875,57
14,1,2,5,4,58,0
14,1,3,5,9,829,101
14,2,1,5,2386,2948,65
14,2,2,5,7,104,4
14,2,3,5,1,332,29
14,3,1,5,791,58,10
14,3,4,5,301,13,2
14,3,5,5,133,471,4
14,3,6,5,2,7,0
14,3,3,5,0,198,21
15,1,1,5,3886,3103,59
15,1,2,5,7,284,3
15,1,3,5,10,532,92
15,2,1,5,4320,2940,71
15,2,2,5,12,156,1
15,2,3,5,4,237,26
15,3,1,5,1816,327,14
15,3,4,5,378,76,4
15,3,5,5,373,632,9
15,3,6,5,4,2,0
15,3,3,5,8,87,11
16,1,1,5,514,674,31
16,1,2,5,2,22,2
16,1,3,5,12,905,112
16,2,1,5,563,901,53
16,2,2,5,0,27,0
16,2,3,5,8,476,38
16,3,1,5,205,37,6
16,3,4,5,56,22,1
16,3,5,5,26,301,9
16,3,6,5,4,13,0
16,3,3,5,3,137,16
17,1,1,5,688,388,8
17,1,2,5,1,17,0
17,1,3,5,0,86,8
17,2,1,5,824,268,8
17,2,2,5,2,14,0
17,2,3,5,0,41,2
17,3,1,5,247,4,1
17,3,4,5,66,1,1
17,3,5,5,91,57,2
17,3,6,5,1,1,1
17,3,3,5,0,12,2
18,1,1,5,225,488,2
18,1,2,5,0,97,1
18,1,3,5,10,250,42
18,2,1,5,309,542,4
18,2,2,5,0,155,1
18,2,3,5,6,136,20
18,3,1,5,118,18,1
18,3,4,5,72,18,0
18,3,5,5,12,281,1
18,3,6,5,0,5,0
18,3,3,5,1,31,5
19,1,1,5,1641,805,15
19,1,2,5,1,0,0
19,1,3,5,7,306,59
19,2,1,5,1789,915,10
19,2,2,5,2,0,0
19,2,3,5,2,85,7
19,3,1,5,603,73,3
19,3,4,5,168,21,3
19,3,5,5,7,76,0
19,3,6,5,4,20,0
19,3,3,5,2,56,4
20,1,1,5,199,963,81
20,1,2,5,6,739,68
20,1,3,5,23,854,74
20,2,1,5,167,1336,134
20,2,2,5,18,793,74
20,2,3,5,20,782,50
20,3,1,5,85,68,10
20,3,4,5,17,44,12
20,3,5,5,20,710,59
20,3,6,5,0,2,0
20,3,3,5,4,312,19
21,1,1,5,1274,1820,12
21,1,2,5,31,894,11
21,1,3,5,15,829,60
21,2,1,5,1431,2082,16
21,2,2,5,50,664,10
21,2,3,5,7,354,28
21,3,1,5,463,58,2
21,3,4,5,117,44,0
21,3,5,5,299,1088,12
21,3,6,5,7,10,2
21,3,3,5,0,56,4
22,1,1,5,465,394,7
22,1,2,5,1,78,6
22,1,3,5,12,507,53
22,2,1,5,418,758,13
22,2,2,5,2,67,6
22,2,3,5,4,196,15
22,3,1,5,177,9,3
22,3,4,5,45,5,2
22,3,5,5,46,185,4
22,3,6,5,0,0,0
22,3,3,5,1,39,0
23,1,1,5,232,259,6
23,1,2,5,1,91,2
23,1,3,5,1,106,22
23,2,1,5,245,470,9
23,2,2,5,0,73,1
23,2,3,5,0,51,4
23,3,1,5,113,13,1
23,3,4,5,38,14,0
23,3,5,5,7,154,1
23,3,6,5,0,0,0
23,3,3,5,0,56,5
24,1,1,5,589,1212,16
24,1,2,5,2,409,1
24,1,3,5,10,842,81
24,2,1,5,627,1684,22
24,2,2,5,4,334,2
24,2,3,5,3,634,50
24,3,1,5,239,24,3
24,3,4,5,83,29,2
24,3,5,5,34,1119,9
24,3,6,5,0,1,0
24,3,3,5,3,123,9
25,1,1,5,397,1128,16
25,1,2,5,1,33,1
25,1,3,5,16,708,66
25,2,1,5,549,1670,17
25,2,2,5,1,36,1
25,2,3,5,6,362,13
25,3,1,5,268,116,5
25,3,4,5,97,29,0
25,3,5,5,6,312,3
25,3,6,5,0,4,1
25,3,3,5,1,81,3
26,1,1,5,675,388,9
26,1,2,5,2,227,7
26,1,3,5,7,232,56
26,2,1,5,672,1001,15
26,2,2,5,1,108,2
26,2,3,5,4,54,8
26,3,1,5,232,13,4
26,3,4,5,109,17,1
26,3,5,5,27,266,6
26,3,6,5,0,2,0
26,3,3,5,1,34,1
27,1,1,5,196,1268,17
27,1,2,5,1,131,0
27,1,3,5,9,323,79
27,2,1,5,209,1591,19
27,2,2,5,1,103,0
27,2,3,5,4,130,24
27,3,1,5,124,66,4
27,3,4,5,56,27,0
27,3,5,5,15,407,7
27,3,6,5,0,0,0
27,3,3,5,0,33,9
28,1,1,5,1130,652,33
28,1,2,5,0,0,0
28,1,3,5,8,438,83
28,2,1,5,1231,1060,16
28,2,2,5,2,1,0
28,2,3,5,4,143,17
28,3,1,5,280,14,10
28,3,4,5,130,12,0
28,3,5,5,38,258,2
28,3,6,5,3,1,0
28,3,3,5,0,11,0
29,1,1,5,209,418,7
29,1,2,5,1,26,0
29,1,3,5,2,181,19
29,2,1,5,273,426,2
29,2,2,5,0,14,0
29,2,3,5,1,70,7
29,3,1,5,115,7,0
29,3,4,5,59,16,1
29,3,5,5,47,96,2
29,3,6,5,0,0,0
29,3,3,5,0,26,1
30,1,1,5,1306,3384,49
30,1,2,5,11,1090,29
30,1,3,5,33,1732,199
30,2,1,5,2073,5388,76
30,2,2,5,34,906,21
30,2,3,5,20,873,61
30,3,1,5,495,58,4
30,3,4,5,185,41,2
30,3,5,5,493,1792,39
30,3,6,5,26,4,0
30,3,3,5,2,159,8
31,1,1,5,391,335,5
31,1,2,5,4,261,1
31,1,3,5,7,217,43
31,2,1,5,380,751,18
31,2,2,5,9,154,1
31,2,3,5,6,101,12
31,3,1,5,181,85,2
31,3,4,5,52,39,0
31,3,5,5,7,177,3
31,3,6,5,6,5,0
31,3,3,5,1,65,10
32,1,1,5,250,1089,14
32,1,2,5,0,1,0
32,1,3,5,11,319,50
32,2,1,5,386,1266,9
32,2,2,5,0,4,0
32,2,3,5,9,207,20
32,3,1,5,124,35,4
32,3,4,5,63,13,0
32,3,5,5,55,787,10
32,3,6,5,0,0,0
32,3,3,5,1,61,2
1,1,1,6,388,29,0
1,1,2,6,0,0,0
1,1,3,6,41,7,0
1,2,1,6,616,44,0
1,2,2,6,1,0,0
1,2,3,6,20,5,1
1,3,1,6,116,1,0
1,3,4,6,65,0,0
1,3,5,6,156,3,0
1,3,6,6,0,0,0
1,3,3,6,13,1,1
2,1,1,6,1103,72,0
2,1,2,6,34,2,0
2,1,3,6,17,3,0
2,2,1,6,1464,64,0
2,2,2,6,57,3,0
2,2,3,6,5,0,0
2,3,1,6,426,27,0
2,3,4,6,82,2,0
2,3,5,6,77,3,0
2,3,6,6,1,0,0
2,3,3,6,0,0,0
3,1,1,6,231,28,0
3,1,2,6,0,1,0
3,1,3,6,6,0,3
3,2,1,6,313,37,0
3,2,2,6,4,0,0
3,2,3,6,0,0,0
3,3,1,6,80,4,0
3,3,4,6,32,0,0
3,3,5,6,55,1,0
3,3,6,6,1,0,0
3,3,3,6,0,0,0
4,1,1,6,253,25,1
4,1,2,6,31,11,0
4,1,3,6,3,11,2
4,2,1,6,366,145,1
4,2,2,6,34,12,0
4,2,3,6,0,2,1
4,3,1,6,66,3,0
4,3,4,6,49,2,0
4,3,5,6,136,9,0
4,3,6,6,2,0,0
4,3,3,6,5,7,3
5,1,1,6,815,92,0
5,1,2,6,0,0,0
5,1,3,6,28,8,3
5,2,1,6,1202,308,0
5,2,2,6,1,1,0
5,2,3,6,4,2,1
5,3,1,6,283,21,0
5,3,4,6,143,6,0
5,3,5,6,80,5,0
5,3,6,6,1,1,0
5,3,3,6,2,0,0
6,1,1,6,181,31,1
6,1,2,6,0,0,0
6,1,3,6,12,11,2
6,2,1,6,369,41,0
6,2,2,6,1,0,0
6,2,3,6,5,1,0
6,3,1,6,77,3,0
6,3,4,6,24,0,0
6,3,5,6,53,0,0
6,3,6,6,6,0,0
6,3,3,6,3,0,0
7,1,1,6,274,48,0
7,1,2,6,31,9,0
7,1,3,6,106,57,14
7,2,1,6,432,103,0
7,2,2,6,114,18,0
7,2,3,6,76,31,8
7,3,1,6,120,14,0
7,3,4,6,31,3,0
7,3,5,6,225,47,0
7,3,6,6,3,1,0
7,3,3,6,64,23,9
8,1,1,6,940,96,1
8,1,2,6,15,2,0
8,1,3,6,34,5,4
8,2,1,6,1647,157,1
8,2,2,6,75,9,0
8,2,3,6,8,1,4
8,3,1,6,327,12,0
8,3,4,6,125,0,0
8,3,5,6,266,22,0
8,3,6,6,5,2,0
8,3,3,6,12,2,0
9,1,1,6,3122,149,1
9,1,2,6,0,0,0
9,1,3,6,0,0,0
9,2,1,6,3190,84,1
9,2,2,6,5,0,0
9,2,3,6,0,0,0
9,3,1,6,1005,43,0
9,3,4,6,231,4,0
9,3,5,6,48,0,0
9,3,6,6,79,0,0
9,3,3,6,0,0,0
10,1,1,6,497,51,0
10,1,2,6,15,4,0
10,1,3,6,59,12,5
10,2,1,6,1571,178,0
10,2,2,6,66,29,0
10,2,3,6,26,5,2
10,3,1,6,162,4,0
10,3,4,6,99,1,0
10,3,5,6,505,33,0
10,3,6,6,1,0,0
10,3,3,6,24,2,3
11,1,1,6,2100,208,2
11,1,2,6,4,1,0
11,1,3,6,72,35,11
11,2,1,6,3344,533,1
11,2,2,6,9,0,0
11,2,3,6,86,33,14
11,3,1,6,458,17,0
11,3,4,6,109,0,0
11,3,5,6,1005,19,0
11,3,6,6,0,0,0
11,3,3,6,68,11,4
12,1,1,6,980,253,0
12,1,2,6,137,62,0
12,1,3,6,68,28,11
12,2,1,6,1670,300,3
12,2,2,6,300,59,0
12,2,3,6,52,15,10
12,3,1,6,248,25,0
12,3,4,6,250,19,0
12,3,5,6,739,62,0
12,3,6,6,1,0,0
12,3,3,6,86,35,13
13,1,1,6,953,91,0
13,1,2,6,122,20,0
13,1,3,6,202,41,21
13,2,1,6,1736,236,1
13,2,2,6,330,139,0
13,2,3,6,101,29,13
13,3,1,6,267,7,0
13,3,4,6,80,1,0
13,3,5,6,676,57,0
13,3,6,6,2,0,0
13,3,3,6,72,9,1
14,1,1,6,2779,283,1
14,1,2,6,6,2,0
14,1,3,6,77,31,11
14,2,1,6,3816,938,0
14,2,2,6,22,6,0
14,2,3,6,42,27,6
14,3,1,6,798,24,0
14,3,4,6,307,6,1
14,3,5,6,560,31,0
14,3,6,6,3,0,0
14,3,3,6,71,29,9
15,1,1,6,5881,398,3
15,1,2,6,208,15,0
15,1,3,6,75,31,6
15,2,1,6,6826,224,1
15,2,2,6,149,12,0
15,2,3,6,47,20,3
15,3,1,6,2011,57,0
15,3,4,6,441,11,0
15,3,5,6,974,12,0
15,3,6,6,4,0,0
15,3,3,6,52,17,4
16,1,1,6,685,80,0
16,1,2,6,7,4,0
16,1,3,6,168,30,11
16,2,1,6,1173,172,0
16,2,2,6,10,9,0
16,2,3,6,75,20,11
16,3,1,6,215,14,0
16,3,4,6,72,4,0
16,3,5,6,305,13,0
16,3,6,6,4,0,0
16,3,3,6,52,8,3
17,1,1,6,826,68,1
17,1,2,6,13,1,0
17,1,3,6,19,6,3
17,2,1,6,968,60,0
17,2,2,6,13,2,0
17,2,3,6,7,7,3
17,3,1,6,237,13,0
17,3,4,6,66,1,0
17,3,5,6,142,3,0
17,3,6,6,1,0,0
17,3,3,6,10,0,0
18,1,1,6,263,30,0
18,1,2,6,22,2,0
18,1,3,6,23,17,8
18,2,1,6,527,168,0
18,2,2,6,54,22,0
18,2,3,6,17,3,3
18,3,1,6,124,5,0
18,3,4,6,86,2,0
18,3,5,6,259,29,0
18,3,6,6,0,0,0
18,3,3,6,9,4,2
19,1,1,6,1958,189,1
19,1,2,6,1,0,0
19,1,3,6,8,12,3
19,2,1,6,2202,347,1
19,2,2,6,2,0,0
19,2,3,6,3,4,0
19,3,1,6,627,25,0
19,3,4,6,183,7,0
19,3,5,6,74,2,0
19,3,6,6,11,4,0
19,3,3,6,9,3,0
20,1,1,6,284,60,0
20,1,2,6,94,32,0
20,1,3,6,80,25,19
20,2,1,6,741,232,0
20,2,2,6,305,127,0
20,2,3,6,63,21,18
20,3,1,6,123,24,0
20,3,4,6,63,2,0
20,3,5,6,462,90,0
20,3,6,6,1,0,0
20,3,3,6,129,21,16
21,1,1,6,2068,375,2
21,1,2,6,614,169,0
21,1,3,6,96,34,11
21,2,1,6,2803,440,1
21,2,2,6,535,129,0
21,2,3,6,78,20,10
21,3,1,6,492,13,0
21,3,4,6,143,5,0
21,3,5,6,1340,32,0
21,3,6,6,10,0,0
21,3,3,6,37,2,1
22,1,1,6,689,71,1
22,1,2,6,27,14,0
22,1,3,6,41,21,4
22,2,1,6,1053,93,0
22,2,2,6,49,18,0
22,2,3,6,20,17,2
22,3,1,6,174,10,0
22,3,4,6,51,1,0
22,3,5,6,228,6,0
22,3,6,6,0,0,0
22,3,3,6,21,1,1
23,1,1,6,328,47,0
23,1,2,6,28,11,0
23,1,3,6,6,6,0
23,2,1,6,493,82,0
23,2,2,6,34,21,0
23,2,3,6,3,2,0
23,3,1,6,122,3,0
23,3,4,6,44,2,0
23,3,5,6,146,7,0
23,3,6,6,0,0,0
23,3,3,6,6,7,1
24,1,1,6,737,63,0
24,1,2,6,48,20,0
24,1,3,6,102,45,15
24,2,1,6,1522,434,2
24,2,2,6,124,75,0
24,2,3,6,135,60,18
24,3,1,6,254,8,0
24,3,4,6,107,5,0
24,3,5,6,1065,70,0
24,3,6,6,1,0,0
24,3,3,6,56,8,5
25,1,1,6,488,57,0
25,1,2,6,7,1,0
25,1,3,6,33,35,10
25,2,1,6,1571,430,3
25,2,2,6,14,12,0
25,2,3,6,30,28,4
25,3,1,6,365,14,0
25,3,4,6,122,1,0
25,3,5,6,283,10,0
25,3,6,6,2,0,0
25,3,3,6,17,8,0
26,1,1,6,816,62,0
26,1,2,6,63,25,0
26,1,3,6,53,10,4
26,2,1,6,1597,44,0
26,2,2,6,103,6,0
26,2,3,6,17,5,0
26,3,1,6,236,8,0
26,3,4,6,123,2,0
26,3,5,6,267,26,0
26,3,6,6,1,1,0
26,3,3,6,14,1,1
27,1,1,6,380,64,0
27,1,2,6,19,6,0
27,1,3,6,20,17,11
27,2,1,6,572,218,1
27,2,2,6,39,9,0
27,2,3,6,25,11,13
27,3,1,6,172,11,0
27,3,4,6,78,3,0
27,3,5,6,371,23,0
27,3,6,6,0,0,0
27,3,3,6,13,3,1
28,1,1,6,1126,127,0
28,1,2,6,0,0,0
28,1,3,6,11,14,4
28,2,1,6,1742,425,0
28,2,2,6,3,0,0
28,2,3,6,5,3,0
28,3,1,6,286,8,0
28,3,4,6,137,2,0
28,3,5,6,271,18,0
28,3,6,6,4,0,0
28,3,3,6,4,0,1
29,1,1,6,370,36,1
29,1,2,6,14,4,0
29,1,3,6,74,11,2
29,2,1,6,649,21,0
29,2,2,6,10,0,0
29,2,3,6,36,6,2
29,3,1,6,116,3,0
29,3,4,6,72,1,0
29,3,5,6,140,4,0
29,3,6,6,0,0,0
29,3,3,6,24,1,0
30,1,1,6,1408,222,2
30,1,2,6,151,38,1
30,1,3,6,131,43,14
30,2,1,6,3831,1429,0
30,2,2,6,242,177,0
30,2,3,6,104,46,14
30,3,1,6,501,27,0
30,3,4,6,199,9,0
30,3,5,6,1692,224,1
30,3,6,6,18,3,0
30,3,3,6,69,19,2
31,1,1,6,556,88,0
31,1,2,6,134,87,0
31,1,3,6,27,14,3
31,2,1,6,884,148,1
31,2,2,6,96,46,0
31,2,3,6,15,9,1
31,3,1,6,245,13,0
31,3,4,6,84,6,0
31,3,5,6,171,6,0
31,3,6,6,10,1,0
31,3,3,6,30,11,2
32,1,1,6,487,41,0
32,1,2,6,1,0,0
32,1,3,6,88,10,13
32,2,1,6,1278,219,0
32,2,2,6,2,0,0
32,2,3,6,73,13,14
32,3,1,6,154,3,0
32,3,4,6,73,3,0
32,3,5,6,759,48,0
32,3,6,6,0,0,0
32,3,3,6,39,1,6
1,1,1,7,417,95,0
1,1,2,7,0,0,0
1,1,3,7,48,75,14
1,2,1,7,660,21,0
1,2,2,7,1,0,0
1,2,3,7,26,20,1
1,3,1,7,117,1,0
1,3,4,7,65,1,0
1,3,5,7,159,0,0
1,3,6,7,0,0,0
1,3,3,7,15,1,0
2,1,1,7,1175,88,0
2,1,2,7,36,15,0
2,1,3,7,20,71,1
2,2,1,7,1528,49,1
2,2,2,7,60,14,0
2,2,3,7,5,22,0
2,3,1,7,453,5,0
2,3,4,7,84,1,0
2,3,5,7,80,14,0
2,3,6,7,1,0,0
2,3,3,7,0,0,0
3,1,1,7,259,51,0
3,1,2,7,1,0,0
3,1,3,7,9,51,48
3,2,1,7,350,24,0
3,2,2,7,4,1,0
3,2,3,7,0,36,24
3,3,1,7,84,1,0
3,3,4,7,32,1,0
3,3,5,7,56,1,0
3,3,6,7,1,0,0
3,3,3,7,0,0,0
4,1,1,7,279,139,0
4,1,2,7,42,77,0
4,1,3,7,16,170,7
4,2,1,7,512,136,0
4,2,2,7,46,6,0
4,2,3,7,3,90,6
4,3,1,7,69,1,0
4,3,4,7,51,0,0
4,3,5,7,145,12,0
4,3,6,7,2,4,0
4,3,3,7,15,26,1
5,1,1,7,907,503,0
5,1,2,7,0,1,0
5,1,3,7,39,280,16
5,2,1,7,1510,263,1
5,2,2,7,2,0,0
5,2,3,7,7,49,3
5,3,1,7,304,6,0
5,3,4,7,149,0,0
5,3,5,7,85,17,0
5,3,6,7,2,0,0
5,3,3,7,2,9,1
6,1,1,7,213,88,0
6,1,2,7,0,0,0
6,1,3,7,25,73,3
6,2,1,7,410,52,0
6,2,2,7,1,2,0
6,2,3,7,6,28,0
6,3,1,7,80,1,0
6,3,4,7,24,0,0
6,3,5,7,53,2,0
6,3,6,7,6,0,0
6,3,3,7,3,1,0
7,1,1,7,322,801,6
7,1,2,7,40,448,6
7,1,3,7,177,1982,500
7,2,1,7,535,427,2
7,2,2,7,132,524,1
7,2,3,7,115,1549,373
7,3,1,7,134,14,2
7,3,4,7,34,6,1
7,3,5,7,272,54,1
7,3,6,7,4,1,0
7,3,3,7,96,163,46
8,1,1,7,1037,578,0
8,1,2,7,17,153,2
8,1,3,7,43,376,105
8,2,1,7,1805,297,0
8,2,2,7,84,250,3
8,2,3,7,13,226,73
8,3,1,7,339,3,0
8,3,4,7,125,2,0
8,3,5,7,288,42,1
8,3,6,7,7,2,0
8,3,3,7,14,65,23
9,1,1,7,3272,54,0
9,1,2,7,0,0,0
9,1,3,7,0,0,0
9,2,1,7,3275,26,0
9,2,2,7,5,0,0
9,2,3,7,0,0,0
9,3,1,7,1048,5,1
9,3,4,7,235,1,0
9,3,5,7,48,0,0
9,3,6,7,79,3,0
9,3,3,7,0,0,0
10,1,1,7,548,593,0
10,1,2,7,19,57,0
10,1,3,7,76,302,107
10,2,1,7,1749,121,2
10,2,2,7,95,75,0
10,2,3,7,33,273,113
10,3,1,7,166,5,0
10,3,4,7,100,3,0
10,3,5,7,538,13,0
10,3,6,7,1,2,0
10,3,3,7,29,44,20
11,1,1,7,2310,1511,2
11,1,2,7,5,2,0
11,1,3,7,118,383,124
11,2,1,7,3878,429,0
11,2,2,7,9,1,0
11,2,3,7,133,139,57
11,3,1,7,475,11,0
11,3,4,7,109,1,0
11,3,5,7,1024,26,1
11,3,6,7,0,1,0
11,3,3,7,83,14,5
12,1,1,7,1233,1009,0
12,1,2,7,199,433,2
12,1,3,7,107,557,129
12,2,1,7,1973,945,2
12,2,2,7,359,310,1
12,2,3,7,77,444,105
12,3,1,7,273,14,0
12,3,4,7,269,27,0
12,3,5,7,801,94,6
12,3,6,7,1,0,0
12,3,3,7,134,121,30
13,1,1,7,1044,340,1
13,1,2,7,142,342,0
13,1,3,7,264,928,215
13,2,1,7,1973,165,1
13,2,2,7,469,138,0
13,2,3,7,143,290,61
13,3,1,7,274,6,0
13,3,4,7,81,1,0
13,3,5,7,733,16,1
13,3,6,7,2,0,0
13,3,3,7,82,37,11
14,1,1,7,3063,1214,3
14,1,2,7,8,54,0
14,1,3,7,119,691,129
14,2,1,7,4754,644,1
14,2,2,7,28,87,0
14,2,3,7,75,244,43
14,3,1,7,822,34,3
14,3,4,7,314,2,0
14,3,5,7,591,17,0
14,3,6,7,3,6,0
14,3,3,7,109,95,15
15,1,1,7,6282,762,4
15,1,2,7,223,71,0
15,1,3,7,112,450,72
15,2,1,7,7051,280,0
15,2,2,7,161,7,1
15,2,3,7,70,176,21
15,3,1,7,2068,88,1
15,3,4,7,452,6,0
15,3,5,7,986,28,0
15,3,6,7,4,2,0
15,3,3,7,73,28,5
16,1,1,7,765,451,3
16,1,2,7,11,14,1
16,1,3,7,209,714,106
16,2,1,7,1345,171,1
16,2,2,7,19,8,0
16,2,3,7,106,350,66
16,3,1,7,229,19,0
16,3,4,7,76,3,0
16,3,5,7,318,15,3
16,3,6,7,4,13,0
16,3,3,7,63,68,25
17,1,1,7,895,189,0
17,1,2,7,14,4,0
17,1,3,7,28,63,3
17,2,1,7,1028,72,0
17,2,2,7,15,1,0
17,2,3,7,17,24,2
17,3,1,7,250,2,0
17,3,4,7,67,1,0
17,3,5,7,145,5,0
17,3,6,7,1,2,0
17,3,3,7,10,4,0
18,1,1,7,293,421,1
18,1,2,7,24,73,1
18,1,3,7,48,209,45
18,2,1,7,695,157,3
18,2,2,7,76,80,0
18,2,3,7,23,119,20
18,3,1,7,129,8,0
18,3,4,7,88,2,0
18,3,5,7,288,6,0
18,3,6,7,0,5,0
18,3,3,7,15,17,5
19,1,1,7,2148,313,0
19,1,2,7,1,0,0
19,1,3,7,23,283,66
19,2,1,7,2550,161,3
19,2,2,7,2,0,0
19,2,3,7,7,80,7
19,3,1,7,652,27,0
19,3,4,7,190,2,0
19,3,5,7,76,7,0
19,3,6,7,15,9,0
19,3,3,7,12,44,6
20,1,1,7,344,899,0
20,1,2,7,126,684,3
20,1,3,7,124,696,131
20,2,1,7,973,663,1
20,2,2,7,432,452,1
20,2,3,7,102,640,110
20,3,1,7,147,16,0
20,3,4,7,65,8,0
20,3,5,7,552,235,2
20,3,6,7,1,1,0
20,3,3,7,166,141,28
21,1,1,7,2445,659,2
21,1,2,7,783,153,0
21,1,3,7,141,701,62
21,2,1,7,3244,283,2
21,2,2,7,664,60,0
21,2,3,7,108,260,21
21,3,1,7,505,17,1
21,3,4,7,148,13,0
21,3,5,7,1372,27,0
21,3,6,7,10,9,0
21,3,3,7,40,18,2
22,1,1,7,761,105,0
22,1,2,7,41,44,0
22,1,3,7,66,478,28
22,2,1,7,1146,43,0
22,2,2,7,67,7,1
22,2,3,7,39,160,16
22,3,1,7,184,5,0
22,3,4,7,52,0,0
22,3,5,7,234,1,0
22,3,6,7,0,0,0
22,3,3,7,23,16,1
23,1,1,7,375,122,0
23,1,2,7,39,55,0
23,1,3,7,12,93,24
23,2,1,7,575,149,0
23,2,2,7,55,19,0
23,2,3,7,5,47,3
23,3,1,7,125,2,0
23,3,4,7,46,6,0
23,3,5,7,153,9,0
23,3,6,7,0,0,0
23,3,3,7,14,41,6
24,1,1,7,800,1017,0
24,1,2,7,68,344,0
24,1,3,7,162,617,154
24,2,1,7,1958,375,0
24,2,2,7,199,139,2
24,2,3,7,213,383,91
24,3,1,7,262,4,0
24,3,4,7,112,2,0
24,3,5,7,1135,27,0
24,3,6,7,1,0,0
24,3,3,7,69,55,11
25,1,1,7,545,996,0
25,1,2,7,8,27,0
25,1,3,7,78,654,58
25,2,1,7,2004,230,2
25,2,2,7,26,12,0
25,2,3,7,62,291,28
25,3,1,7,379,10,0
25,3,4,7,123,3,0
25,3,5,7,293,27,1
25,3,6,7,2,3,0
25,3,3,7,25,54,6
26,1,1,7,878,194,0
26,1,2,7,88,148,0
26,1,3,7,67,181,47
26,2,1,7,1641,47,0
26,2,2,7,109,2,0
26,2,3,7,22,32,12
26,3,1,7,244,5,0
26,3,4,7,125,2,0
26,3,5,7,293,5,1
26,3,6,7,2,0,0
26,3,3,7,16,15,5
27,1,1,7,444,1037,0
27,1,2,7,25,107,0
27,1,3,7,48,291,72
27,2,1,7,791,1028,0
27,2,2,7,48,56,0
27,2,3,7,49,87,22
27,3,1,7,183,11,0
27,3,4,7,81,2,0
27,3,5,7,394,35,0
27,3,6,7,0,0,0
27,3,3,7,17,17,8
28,1,1,7,1253,562,0
28,1,2,7,0,0,0
28,1,3,7,29,425,75
28,2,1,7,2167,140,0
28,2,2,7,3,0,0
28,2,3,7,8,126,30
28,3,1,7,294,10,0
28,3,4,7,139,3,0
28,3,5,7,289,9,0
28,3,6,7,4,0,0
28,3,3,7,5,6,0
29,1,1,7,407,226,1
29,1,2,7,18,9,0
29,1,3,7,87,104,11
29,2,1,7,670,31,0
29,2,2,7,10,4,0
29,2,3,7,44,30,4
29,3,1,7,119,3,0
29,3,4,7,73,2,1
29,3,5,7,144,1,0
29,3,6,7,0,0,0
29,3,3,7,25,2,0
30,1,1,7,1632,3104,3
30,1,2,7,190,938,2
30,1,3,7,188,1524,252
30,2,1,7,5260,2273,4
30,2,2,7,419,542,0
30,2,3,7,164,678,112
30,3,1,7,528,29,0
30,3,4,7,208,19,1
30,3,5,7,1917,396,11
30,3,6,7,21,9,0
30,3,3,7,90,66,13
31,1,1,7,644,86,1
31,1,2,7,221,45,0
31,1,3,7,44,167,56
31,2,1,7,1033,115,1
31,2,2,7,142,22,0
31,2,3,7,25,75,19
31,3,1,7,258,10,0
31,3,4,7,90,1,0
31,3,5,7,177,10,0
31,3,6,7,11,0,0
31,3,3,7,43,17,16
32,1,1,7,528,823,2
32,1,2,7,1,0,0
32,1,3,7,111,212,57
32,2,1,7,1497,164,0
32,2,2,7,2,2,0
32,2,3,7,100,110,26
32,3,1,7,157,5,1
32,3,4,7,76,0,0
32,3,5,7,807,42,3
32,3,6,7,0,0,0
32,3,3,7,46,16,2
1,1,1,9,488,18,0
1,1,2,9,0,0,0
1,1,3,9,117,7,0
1,2,1,9,668,11,0
1,2,2,9,1,0,0
1,2,3,9,41,3,0
1,3,1,9,117,1,0
1,3,4,9,63,3,0
1,3,5,9,149,10,0
1,3,6,9,0,0,0
1,3,3,9,15,1,0
2,1,1,9,1142,98,2
2,1,2,9,43,8,0
2,1,3,9,68,20,0
2,2,1,9,1525,24,4
2,2,2,9,69,5,0
2,2,3,9,26,1,0
2,3,1,9,439,11,0
2,3,4,9,78,5,0
2,3,5,9,88,6,0
2,3,6,9,1,0,0
2,3,3,9,0,0,0
3,1,1,9,287,18,0
3,1,2,9,0,1,0
3,1,3,9,72,15,1
3,2,1,9,354,14,1
3,2,2,9,5,0,0
3,2,3,9,39,10,0
3,3,1,9,83,2,0
3,3,4,9,29,3,0
3,3,5,9,51,5,0
3,3,6,9,1,0,0
3,3,3,9,0,0,0
4,1,1,9,378,34,0
4,1,2,9,112,6,0
4,1,3,9,137,30,1
4,2,1,9,587,61,0
4,2,2,9,42,9,0
4,2,3,9,71,16,0
4,3,1,9,68,2,0
4,3,4,9,48,3,0
4,3,5,9,135,22,0
4,3,6,9,5,1,0
4,3,3,9,30,8,1
5,1,1,9,1305,82,0
5,1,2,9,1,0,0
5,1,3,9,294,15,2
5,2,1,9,1665,87,1
5,2,2,9,2,0,0
5,2,3,9,50,6,0
5,3,1,9,302,6,0
5,3,4,9,145,4,0
5,3,5,9,96,6,0
5,3,6,9,2,0,0
5,3,3,9,11,1,0
6,1,1,9,291,8,1
6,1,2,9,0,0,0
6,1,3,9,87,3,0
6,2,1,9,451,7,1
6,2,2,9,3,0,0
6,2,3,9,28,1,0
6,3,1,9,77,2,0
6,3,4,9,24,0,0
6,3,5,9,54,0,0
6,3,6,9,6,0,0
6,3,3,9,3,0,0
7,1,1,9,899,192,0
7,1,2,9,343,114,1
7,1,3,9,1735,360,22
7,2,1,9,858,82,1
7,2,2,9,551,78,0
7,2,3,9,1405,266,12
7,3,1,9,144,0,0
7,3,4,9,37,3,0
7,3,5,9,278,42,0
7,3,6,9,5,0,0
7,3,3,9,204,56,1
8,1,1,9,1436,139,1
8,1,2,9,131,33,0
8,1,3,9,328,77,7
8,2,1,9,1969,104,4
8,2,2,9,289,41,0
8,2,3,9,210,48,4
8,3,1,9,315,14,0
8,3,4,9,120,5,0
8,3,5,9,290,31,0
8,3,6,9,7,2,0
8,3,3,9,64,11,1
9,1,1,9,3159,120,1
9,1,2,9,0,0,0
9,1,3,9,0,0,0
9,2,1,9,3211,41,4
9,2,2,9,5,0,0
9,2,3,9,0,0,0
9,3,1,9,1025,10,5
9,3,4,9,229,5,0
9,3,5,9,44,2,0
9,3,6,9,80,1,0
9,3,3,9,0,0,0
10,1,1,9,1067,54,2
10,1,2,9,51,18,0
10,1,3,9,357,36,6
10,2,1,9,1722,126,1
10,2,2,9,141,23,0
10,2,3,9,302,34,6
10,3,1,9,163,6,0
10,3,4,9,97,4,0
10,3,5,9,502,39,0
10,3,6,9,3,0,0
10,3,3,9,67,8,0
11,1,1,9,3600,127,2
11,1,2,9,6,1,0
11,1,3,9,503,29,5
11,2,1,9,4090,136,5
11,2,2,9,10,0,0
11,2,3,9,269,22,2
11,3,1,9,464,7,0
11,3,4,9,105,2,0
11,3,5,9,996,31,0
11,3,6,9,1,0,0
11,3,3,9,87,2,1
12,1,1,9,1787,413,2
12,1,2,9,485,134,0
12,1,3,9,549,60,9
12,2,1,9,2513,379,0
12,2,2,9,547,109,0
12,2,3,9,452,38,5
12,3,1,9,255,23,2
12,3,4,9,260,32,0
12,3,5,9,789,83,0
12,3,6,9,0,1,0
12,3,3,9,194,19,5
13,1,1,9,1274,100,0
13,1,2,9,406,76,0
13,1,3,9,1083,65,9
13,2,1,9,2004,110,1
13,2,2,9,537,66,0
13,2,3,9,392,23,2
13,3,1,9,270,9,0
13,3,4,9,75,6,0
13,3,5,9,710,35,0
13,3,6,9,2,0,0
13,3,3,9,99,8,1
14,1,1,9,4005,203,4
14,1,2,9,46,13,0
14,1,3,9,692,78,7
14,2,1,9,5147,201,1
14,2,2,9,102,12,0
14,2,3,9,270,29,4
14,3,1,9,823,21,0
14,3,4,9,301,4,0
14,3,5,9,572,27,0
14,3,6,9,9,0,0
14,3,3,9,183,6,2
15,1,1,9,6602,354,6
15,1,2,9,264,26,0
15,1,3,9,484,42,2
15,2,1,9,7069,187,1
15,2,2,9,152,14,0
15,2,3,9,214,14,1
15,3,1,9,2082,48,1
15,3,4,9,443,13,0
15,3,5,9,973,37,0
15,3,6,9,6,0,0
15,3,3,9,77,10,1
16,1,1,9,1076,119,1
16,1,2,9,18,6,1
16,1,3,9,814,73,5
16,2,1,9,1392,96,2
16,2,2,9,22,4,0
16,2,3,9,403,31,5
16,3,1,9,228,14,0
16,3,4,9,71,5,0
16,3,5,9,304,23,0
16,3,6,9,15,1,0
16,3,3,9,112,16,1
17,1,1,9,981,88,1
17,1,2,9,17,1,0
17,1,3,9,83,7,0
17,2,1,9,1070,16,2
17,2,2,9,14,2,0
17,2,3,9,36,6,0
17,3,1,9,248,3,0
17,3,4,9,66,2,0
17,3,5,9,147,2,0
17,3,6,9,3,0,0
17,3,3,9,13,1,0
18,1,1,9,637,70,0
18,1,2,9,87,9,0
18,1,3,9,211,13,5
18,2,1,9,786,56,1
18,2,2,9,129,22,0
18,2,3,9,118,11,2
18,3,1,9,130,7,0
18,3,4,9,84,6,0
18,3,5,9,266,28,0
18,3,6,9,5,0,0
18,3,3,9,24,4,0
19,1,1,9,2325,86,6
19,1,2,9,1,0,0
19,1,3,9,263,32,7
19,2,1,9,2603,78,1
19,2,2,9,2,0,0
19,2,3,9,72,6,5
19,3,1,9,671,5,0
19,3,4,9,189,1,0
19,3,5,9,81,1,0
19,3,6,9,24,0,0
19,3,3,9,47,5,2
20,1,1,9,1073,126,3
20,1,2,9,706,81,2
20,1,3,9,707,82,12
20,2,1,9,1478,126,1
20,2,2,9,775,81,0
20,2,3,9,661,81,9
20,3,1,9,148,9,0
20,3,4,9,68,3,0
20,3,5,9,709,54,0
20,3,6,9,2,0,0
20,3,3,9,238,45,1
21,1,1,9,2925,137,6
21,1,2,9,843,76,0
21,1,3,9,711,46,6
21,2,1,9,3361,123,3
21,2,2,9,649,69,0
21,2,3,9,307,25,4
21,3,1,9,510,4,1
21,3,4,9,156,3,0
21,3,5,9,1328,56,0
21,3,6,9,14,2,0
21,3,3,9,42,9,0
22,1,1,9,818,39,0
22,1,2,9,75,8,0
22,1,3,9,471,22,3
22,2,1,9,1120,53,0
22,2,2,9,66,8,0
22,2,3,9,173,13,3
22,3,1,9,183,3,0
22,3,4,9,50,2,0
22,3,5,9,221,13,0
22,3,6,9,0,0,0
22,3,3,9,35,2,0
23,1,1,9,462,28,0
23,1,2,9,87,5,0
23,1,3,9,93,12,2
23,2,1,9,677,26,1
23,2,2,9,69,5,0
23,2,3,9,43,7,0
23,3,1,9,120,6,0
23,3,4,9,50,2,0
23,3,5,9,147,11,0
23,3,6,9,0,0,0
23,3,3,9,44,7,0
24,1,1,9,1666,136,2
24,1,2,9,365,42,0
24,1,3,9,738,52,9
24,2,1,9,2171,154,2
24,2,2,9,307,30,0
24,2,3,9,534,48,7
24,3,1,9,264,2,0
24,3,4,9,111,2,0
24,3,5,9,1067,88,0
24,3,6,9,1,0,0
24,3,3,9,104,7,1
25,1,1,9,1390,129,0
25,1,2,9,31,4,0
25,1,3,9,577,83,4
25,2,1,9,2069,135,1
25,2,2,9,36,2,0
25,2,3,9,272,45,5
25,3,1,9,374,9,1
25,3,4,9,118,7,0
25,3,5,9,292,22,0
25,3,6,9,5,0,0
25,3,3,9,52,16,0
26,1,1,9,908,145,1
26,1,2,9,151,81,0
26,1,3,9,193,49,5
26,2,1,9,1557,93,0
26,2,2,9,99,12,0
26,2,3,9,44,9,2
26,3,1,9,228,15,0
26,3,4,9,112,11,0
26,3,5,9,256,40,0
26,3,6,9,2,0,0
26,3,3,9,27,5,2
27,1,1,9,1250,208,0
27,1,2,9,97,34,0
27,1,3,9,264,42,5
27,2,1,9,1595,207,1
27,2,2,9,89,15,0
27,2,3,9,100,16,1
27,3,1,9,189,5,0
27,3,4,9,69,9,0
27,3,5,9,376,50,0
27,3,6,9,0,0,0
27,3,3,9,32,3,1
28,1,1,9,1690,98,0
28,1,2,9,0,0,0
28,1,3,9,419,24,4
28,2,1,9,2202,81,3
28,2,2,9,3,0,0
28,2,3,9,133,8,2
28,3,1,9,295,4,0
28,3,4,9,136,3,0
28,3,5,9,289,8,0
28,3,6,9,3,0,0
28,3,3,9,8,1,0
29,1,1,9,608,23,0
29,1,2,9,22,1,0
29,1,3,9,177,10,1
29,2,1,9,686,11,0
29,2,2,9,13,0,0
29,2,3,9,67,5,1
29,3,1,9,121,1,0
29,3,4,9,73,1,0
29,3,5,9,141,4,0
29,3,6,9,0,0,0
29,3,3,9,23,3,0
30,1,1,9,4076,617,0
30,1,2,9,861,250,1
30,1,3,9,1503,150,16
30,2,1,9,6712,762,7
30,2,2,9,763,191,0
30,2,3,9,758,78,7
30,3,1,9,533,16,2
30,3,4,9,207,18,0
30,3,5,9,2019,266,0
30,3,6,9,28,2,0
30,3,3,9,137,11,2
31,1,1,9,689,36,1
31,1,2,9,233,28,0
31,1,3,9,213,25,1
31,2,1,9,1080,60,2
31,2,2,9,145,17,0
31,2,3,9,93,12,0
31,3,1,9,263,5,0
31,3,4,9,84,6,0
31,3,5,9,170,14,0
31,3,6,9,11,0,0
31,3,3,9,64,8,0
32,1,1,9,1226,114,0
32,1,2,9,1,0,0
32,1,3,9,306,22,3
32,2,1,9,1506,147,0
32,2,2,9,2,2,0
32,2,3,9,193,18,3
32,3,1,9,159,2,0
32,3,4,9,72,3,0
32,3,5,9,776,69,1
32,3,6,9,0,0,0
32,3,3,9,57,2,0
1,1,1,8,280,232,0
1,1,2,8,0,0,0
1,1,3,8,2,129,6
1,2,1,8,440,241,0
1,2,2,8,1,0,0
1,2,3,8,2,45,0
1,3,1,8,115,3,0
1,3,4,8,56,10,0
1,3,5,8,76,83,0
1,3,6,8,0,0,0
1,3,3,8,2,14,0
2,1,1,8,1037,226,0
2,1,2,8,16,35,0
2,1,3,8,1,91,0
2,2,1,8,1417,160,1
2,2,2,8,38,36,0
2,2,3,8,2,25,0
2,3,1,8,437,21,0
2,3,4,8,82,3,0
2,3,5,8,52,42,0
2,3,6,8,1,0,0
2,3,3,8,0,0,0
3,1,1,8,170,140,0
3,1,2,8,0,1,0
3,1,3,8,0,105,3
3,2,1,8,257,117,0
3,2,2,8,1,4,0
3,2,3,8,0,58,2
3,3,1,8,80,5,0
3,3,4,8,30,3,0
3,3,5,8,28,29,0
3,3,6,8,1,0,0
3,3,3,8,0,0,0
4,1,1,8,117,301,0
4,1,2,8,0,119,0
4,1,3,8,0,190,3
4,2,1,8,209,439,0
4,2,2,8,7,45,0
4,2,3,8,0,98,1
4,3,1,8,66,4,0
4,3,4,8,28,23,0
4,3,5,8,30,127,0
4,3,6,8,0,6,0
4,3,3,8,0,41,1
5,1,1,8,675,735,0
5,1,2,8,0,1,0
5,1,3,8,5,328,2
5,2,1,8,1188,585,1
5,2,2,8,0,2,0
5,2,3,8,1,57,1
5,3,1,8,298,12,0
5,3,4,8,142,7,0
5,3,5,8,25,77,0
5,3,6,8,1,1,0
5,3,3,8,0,12,0
6,1,1,8,116,185,0
6,1,2,8,0,0,0
6,1,3,8,7,94,0
6,2,1,8,309,153,0
6,2,2,8,0,3,0
6,2,3,8,3,31,0
6,3,1,8,79,2,0
6,3,4,8,24,0,0
6,3,5,8,36,19,0
6,3,6,8,4,2,0
6,3,3,8,2,2,0
7,1,1,8,191,932,6
7,1,2,8,2,486,6
7,1,3,8,45,2479,135
7,2,1,8,290,672,2
7,2,2,8,37,619,1
7,2,3,8,47,1904,86
7,3,1,8,112,36,2
7,3,4,8,25,15,1
7,3,5,8,84,242,1
7,3,6,8,3,2,0
7,3,3,8,7,287,11
8,1,1,8,701,914,0
8,1,2,8,1,169,2
8,1,3,8,7,487,30
8,2,1,8,1344,758,0
8,2,2,8,31,303,3
8,2,3,8,5,283,24
8,3,1,8,305,37,0
8,3,4,8,117,10,0
8,3,5,8,61,269,1
8,3,6,8,3,6,0
8,3,3,8,0,92,10
9,1,1,8,3149,177,0
9,1,2,8,0,0,0
9,1,3,8,0,0,0
9,2,1,8,3168,133,0
9,2,2,8,4,1,0
9,2,3,8,0,0,0
9,3,1,8,1025,28,1
9,3,4,8,235,1,0
9,3,5,8,46,2,0
9,3,6,8,63,19,0
9,3,3,8,0,0,0
10,1,1,8,194,947,0
10,1,2,8,0,76,0
10,1,3,8,8,452,25
10,2,1,8,597,1273,2
10,2,2,8,9,161,0
10,2,3,8,6,387,26
10,3,1,8,139,32,0
10,3,4,8,86,17,0
10,3,5,8,180,371,0
10,3,6,8,0,3,0
10,3,3,8,1,86,6
11,1,1,8,1083,2738,2
11,1,2,8,1,6,0
11,1,3,8,8,587,30
11,2,1,8,1912,2395,0
11,2,2,8,3,7,0
11,2,3,8,7,307,15
11,3,1,8,441,45,0
11,3,4,8,102,8,0
11,3,5,8,280,770,1
11,3,6,8,0,1,0
11,3,3,8,1,98,3
12,1,1,8,332,1910,0
12,1,2,8,1,631,2
12,1,3,8,5,746,42
12,2,1,8,1024,1894,2
12,2,2,8,125,544,1
12,2,3,8,3,588,35
12,3,1,8,210,77,0
12,3,4,8,148,148,0
12,3,5,8,130,765,6
12,3,6,8,0,1,0
12,3,3,8,2,269,14
13,1,1,8,469,915,1
13,1,2,8,3,481,0
13,1,3,8,29,1344,34
13,2,1,8,1013,1125,1
13,2,2,8,131,476,0
13,2,3,8,14,468,12
13,3,1,8,246,34,0
13,3,4,8,59,23,0
13,3,5,8,154,595,1
13,3,6,8,1,1,0
13,3,3,8,4,122,4
14,1,1,8,2601,1676,3
14,1,2,8,3,59,0
14,1,3,8,76,798,65
14,2,1,8,3437,1961,1
14,2,2,8,35,80,0
14,2,3,8,19,316,27
14,3,1,8,810,45,4
14,3,4,8,298,18,0
14,3,5,8,376,232,0
14,3,6,8,3,6,0
14,3,3,8,19,191,9
15,1,1,8,3356,3688,4
15,1,2,8,7,287,0
15,1,3,8,12,605,17
15,2,1,8,4495,2836,0
15,2,2,8,21,147,1
15,2,3,8,6,256,5
15,3,1,8,1848,308,1
15,3,4,8,389,69,0
15,3,5,8,479,535,0
15,3,6,8,3,3,0
15,3,3,8,11,94,1
16,1,1,8,431,785,3
16,1,2,8,0,25,1
16,1,3,8,7,989,33
16,2,1,8,591,925,1
16,2,2,8,0,27,0
16,2,3,8,4,494,24
16,3,1,8,201,47,0
16,3,4,8,55,24,0
16,3,5,8,32,301,3
16,3,6,8,3,14,0
16,3,3,8,2,145,9
17,1,1,8,592,492,0
17,1,2,8,0,18,0
17,1,3,8,0,93,1
17,2,1,8,827,273,0
17,2,2,8,3,13,0
17,2,3,8,0,43,0
17,3,1,8,248,4,0
17,3,4,8,67,1,0
17,3,5,8,82,68,0
17,3,6,8,1,2,0
17,3,3,8,1,13,0
18,1,1,8,181,533,1
18,1,2,8,0,97,1
18,1,3,8,2,272,28
18,2,1,8,378,474,3
18,2,2,8,12,144,0
18,2,3,8,1,148,13
18,3,1,8,119,18,0
18,3,4,8,72,18,0
18,3,5,8,85,209,0
18,3,6,8,0,5,0
18,3,3,8,2,32,3
19,1,1,8,1516,944,1
19,1,2,8,1,0,0
19,1,3,8,6,352,14
19,2,1,8,1817,894,3
19,2,2,8,1,1,0
19,2,3,8,2,87,5
19,3,1,8,597,82,0
19,3,4,8,166,26,0
19,3,5,8,7,76,0
19,3,6,8,15,9,0
19,3,3,8,0,61,1
20,1,1,8,163,1080,0
20,1,2,8,2,808,3
20,1,3,8,11,915,25
20,2,1,8,331,1305,1
20,2,2,8,73,811,1
20,2,3,8,9,826,17
20,3,1,8,101,62,0
20,3,4,8,30,43,0
20,3,5,8,97,690,2
20,3,6,8,0,2,0
20,3,3,8,5,321,9
21,1,1,8,1100,2004,2
21,1,2,8,14,922,0
21,1,3,8,11,876,17
21,2,1,8,1363,2164,2
21,2,2,8,28,696,0
21,2,3,8,5,377,7
21,3,1,8,474,48,1
21,3,4,8,120,41,0
21,3,5,8,741,658,0
21,3,6,8,7,12,0
21,3,3,8,1,58,1
22,1,1,8,434,432,0
22,1,2,8,0,85,0
22,1,3,8,9,558,5
22,2,1,8,646,543,0
22,2,2,8,21,53,1
22,2,3,8,4,208,3
22,3,1,8,173,16,0
22,3,4,8,40,12,0
22,3,5,8,49,186,0
22,3,6,8,0,0,0
22,3,3,8,0,39,1
23,1,1,8,283,214,0
23,1,2,8,1,93,0
23,1,3,8,0,128,1
23,2,1,8,445,279,0
23,2,2,8,2,72,0
23,2,3,8,0,55,0
23,3,1,8,119,8,0
23,3,4,8,42,10,0
23,3,5,8,29,133,0
23,3,6,8,0,0,0
23,3,3,8,0,60,1
24,1,1,8,464,1353,0
24,1,2,8,0,412,0
24,1,3,8,11,880,42
24,2,1,8,807,1526,0
24,2,2,8,51,287,2
24,2,3,8,10,647,30
24,3,1,8,233,33,0
24,3,4,8,80,34,0
24,3,5,8,144,1018,0
24,3,6,8,0,1,0
24,3,3,8,12,117,6
25,1,1,8,331,1210,0
25,1,2,8,0,35,0
25,1,3,8,11,770,9
25,2,1,8,1145,1089,2
25,2,2,8,10,28,0
25,2,3,8,1,376,4
25,3,1,8,300,89,0
25,3,4,8,109,17,0
25,3,5,8,75,245,1
25,3,6,8,0,5,0
25,3,3,8,0,84,1
26,1,1,8,635,437,0
26,1,2,8,2,234,0
26,1,3,8,12,261,22
26,2,1,8,1466,222,0
26,2,2,8,68,43,0
26,2,3,8,2,58,6
26,3,1,8,237,12,0
26,3,4,8,121,6,0
26,3,5,8,231,67,1
26,3,6,8,1,1,0
26,3,3,8,3,32,1
27,1,1,8,177,1304,0
27,1,2,8,0,132,0
27,1,3,8,4,383,24
27,2,1,8,330,1489,0
27,2,2,8,6,98,0
27,2,3,8,4,143,11
27,3,1,8,138,56,0
27,3,4,8,59,24,0
27,3,5,8,122,307,0
27,3,6,8,0,0,0
27,3,3,8,1,37,4
28,1,1,8,1080,735,0
28,1,2,8,0,0,0
28,1,3,8,9,510,10
28,2,1,8,1465,842,0
28,2,2,8,2,1,0
28,2,3,8,2,160,2
28,3,1,8,285,19,0
28,3,4,8,129,13,0
28,3,5,8,87,211,0
28,3,6,8,3,1,0
28,3,3,8,0,11,0
29,1,1,8,156,477,1
29,1,2,8,1,26,0
29,1,3,8,4,195,3
29,2,1,8,329,372,0
29,2,2,8,2,12,0
29,2,3,8,1,76,1
29,3,1,8,113,9,0
29,3,4,8,60,15,1
29,3,5,8,69,76,0
29,3,6,8,0,0,0
29,3,3,8,1,26,0
30,1,1,8,1100,3636,3
30,1,2,8,2,1126,2
30,1,3,8,23,1899,42
30,2,1,8,2574,4959,4
30,2,2,8,188,773,0
30,2,3,8,12,916,26
30,3,1,8,483,74,0
30,3,4,8,170,57,1
30,3,5,8,530,1783,11
30,3,6,8,25,5,0
30,3,3,8,4,162,3
31,1,1,8,346,384,1
31,1,2,8,9,257,0
31,1,3,8,5,259,3
31,2,1,8,666,482,1
31,2,2,8,34,130,0
31,2,3,8,4,115,0
31,3,1,8,202,66,0
31,3,4,8,60,31,0
31,3,5,8,71,116,0
31,3,6,8,8,3,0
31,3,3,8,0,75,1
32,1,1,8,213,1138,2
32,1,2,8,0,1,0
32,1,3,8,3,373,4
32,2,1,8,432,1229,0
32,2,2,8,0,4,0
32,2,3,8,3,231,2
32,3,1,8,124,38,1
32,3,4,8,65,11,0
32,3,5,8,96,753,3
32,3,6,8,0,0,0
32,3,3,8,0,64,0
1,1,1,10,424,82,0
1,1,2,10,0,0,0
1,1,3,10,108,13,3
1,2,1,10,662,17,0
1,2,2,10,1,0,0
1,2,3,10,38,4,2
1,3,1,10,116,2,0
1,3,4,10,62,4,0
1,3,5,10,150,9,0
1,3,6,10,0,0,0
1,3,3,10,14,2,0
2,1,1,10,962,278,2
2,1,2,10,23,28,0
2,1,3,10,71,17,0
2,2,1,10,1450,99,4
2,2,2,10,55,19,0
2,2,3,10,20,7,0
2,3,1,10,405,45,0
2,3,4,10,66,17,0
2,3,5,10,76,18,0
2,3,6,10,1,0,0
2,3,3,10,0,0,0
3,1,1,10,268,37,0
3,1,2,10,1,0,0
3,1,3,10,63,23,2
3,2,1,10,300,68,1
3,2,2,10,3,2,0
3,2,3,10,34,15,0
3,3,1,10,79,6,0
3,3,4,10,29,3,0
3,3,5,10,53,3,0
3,3,6,10,1,0,0
3,3,3,10,0,0,0
4,1,1,10,286,126,0
4,1,2,10,77,41,0
4,1,3,10,131,37,0
4,2,1,10,477,171,0
4,2,2,10,38,13,0
4,2,3,10,60,26,1
4,3,1,10,58,12,0
4,3,4,10,32,19,0
4,3,5,10,131,26,0
4,3,6,10,4,2,0
4,3,3,10,29,10,0
5,1,1,10,1209,178,0
5,1,2,10,1,0,0
5,1,3,10,281,22,8
5,2,1,10,1597,155,1
5,2,2,10,2,0,0
5,2,3,10,48,7,1
5,3,1,10,279,29,0
5,3,4,10,122,27,0
5,3,5,10,87,15,0
5,3,6,10,2,0,0
5,3,3,10,8,4,0
6,1,1,10,265,34,1
6,1,2,10,0,0,0
6,1,3,10,74,13,3
6,2,1,10,424,34,1
6,2,2,10,1,2,0
6,2,3,10,19,9,1
6,3,1,10,76,3,0
6,3,4,10,22,2,0
6,3,5,10,50,4,0
6,3,6,10,6,0,0
6,3,3,10,2,1,0
7,1,1,10,717,374,0
7,1,2,10,232,225,1
7,1,3,10,1276,778,63
7,2,1,10,711,229,1
7,2,2,10,367,262,0
7,2,3,10,1035,607,41
7,3,1,10,123,21,0
7,3,4,10,27,13,0
7,3,5,10,243,77,0
7,3,6,10,4,1,0
7,3,3,10,138,115,8
8,1,1,10,1307,268,1
8,1,2,10,80,84,0
8,1,3,10,296,107,9
8,2,1,10,1851,222,4
8,2,2,10,170,160,0
8,2,3,10,164,90,8
8,3,1,10,289,40,0
8,3,4,10,101,24,0
8,3,5,10,242,79,0
8,3,6,10,7,2,0
8,3,3,10,50,25,1
9,1,1,10,2700,579,1
9,1,2,10,0,0,0
9,1,3,10,0,0,0
9,2,1,10,3174,78,4
9,2,2,10,5,0,0
9,2,3,10,0,0,0
9,3,1,10,991,44,5
9,3,4,10,225,9,0
9,3,5,10,43,3,0
9,3,6,10,77,4,0
9,3,3,10,0,0,0
10,1,1,10,867,254,2
10,1,2,10,38,31,0
10,1,3,10,314,76,9
10,2,1,10,1548,300,1
10,2,2,10,108,56,0
10,2,3,10,249,85,8
10,3,1,10,149,20,0
10,3,4,10,91,10,0
10,3,5,10,466,75,0
10,3,6,10,3,0,0
10,3,3,10,47,27,1
11,1,1,10,3146,581,2
11,1,2,10,6,1,0
11,1,3,10,460,64,13
11,2,1,10,3989,237,5
11,2,2,10,10,0,0
11,2,3,10,241,47,5
11,3,1,10,453,18,0
11,3,4,10,95,12,0
11,3,5,10,961,66,0
11,3,6,10,1,0,0
11,3,3,10,74,15,1
12,1,1,10,1221,979,2
12,1,2,10,315,304,0
12,1,3,10,472,130,16
12,2,1,10,1943,949,0
12,2,2,10,359,297,0
12,2,3,10,358,127,10
12,3,1,10,205,73,2
12,3,4,10,147,145,0
12,3,5,10,631,241,0
12,3,6,10,1,0,0
12,3,3,10,163,48,7
13,1,1,10,1130,244,0
13,1,2,10,334,148,0
13,1,3,10,1027,116,14
13,2,1,10,1834,280,1
13,2,2,10,430,173,0
13,2,3,10,345,67,5
13,3,1,10,253,26,0
13,3,4,10,64,17,0
13,3,5,10,614,131,0
13,3,6,10,1,1,0
13,3,3,10,71,36,1
14,1,1,10,3449,759,4
14,1,2,10,32,27,0
14,1,3,10,602,161,14
14,2,1,10,4762,586,1
14,2,2,10,75,39,0
14,2,3,10,239,57,7
14,3,1,10,779,65,0
14,3,4,10,272,33,0
14,3,5,10,503,96,0
14,3,6,10,9,0,0
14,3,3,10,134,53,4
15,1,1,10,6217,739,6
15,1,2,10,242,48,0
15,1,3,10,419,95,14
15,2,1,10,6828,428,1
15,2,2,10,138,28,0
15,2,3,10,167,56,6
15,3,1,10,1947,183,1
15,3,4,10,401,55,0
15,3,5,10,928,82,0
15,3,6,10,5,1,0
15,3,3,10,60,23,5
16,1,1,10,850,345,1
16,1,2,10,15,9,1
16,1,3,10,659,211,22
16,2,1,10,1194,294,2
16,2,2,10,15,11,0
16,2,3,10,317,111,11
16,3,1,10,212,30,0
16,3,4,10,57,19,0
16,3,5,10,260,67,0
16,3,6,10,14,2,0
16,3,3,10,89,37,3
17,1,1,10,861,208,1
17,1,2,10,11,7,0
17,1,3,10,80,10,0
17,2,1,10,1035,51,2
17,2,2,10,14,2,0
17,2,3,10,36,5,1
17,3,1,10,230,21,0
17,3,4,10,55,13,0
17,3,5,10,129,20,0
17,3,6,10,3,0,0
17,3,3,10,12,1,1
18,1,1,10,569,138,0
18,1,2,10,70,26,0
18,1,3,10,194,30,5
18,2,1,10,731,111,1
18,2,2,10,111,40,0
18,2,3,10,115,13,3
18,3,1,10,111,26,0
18,3,4,10,77,13,0
18,3,5,10,233,61,0
18,3,6,10,5,0,0
18,3,3,10,20,8,0
19,1,1,10,2127,284,6
19,1,2,10,1,0,0
19,1,3,10,264,29,9
19,2,1,10,2591,90,1
19,2,2,10,2,0,0
19,2,3,10,71,10,2
19,3,1,10,661,15,0
19,3,4,10,187,3,0
19,3,5,10,70,12,0
19,3,6,10,23,1,0
19,3,3,10,45,9,0
20,1,1,10,939,260,3
20,1,2,10,587,200,2
20,1,3,10,567,220,14
20,2,1,10,1359,245,1
20,2,2,10,638,218,0
20,2,3,10,523,217,11
20,3,1,10,146,11,0
20,3,4,10,57,14,0
20,3,5,10,648,115,0
20,3,6,10,1,1,0
20,3,3,10,180,99,5
21,1,1,10,2558,504,6
21,1,2,10,709,210,0
21,1,3,10,592,158,13
21,2,1,10,3071,413,3
21,2,2,10,518,200,0
21,2,3,10,243,86,7
21,3,1,10,468,46,1
21,3,4,10,130,29,0
21,3,5,10,1270,114,0
21,3,6,10,14,2,0
21,3,3,10,29,21,1
22,1,1,10,726,131,0
22,1,2,10,74,9,0
22,1,3,10,447,41,8
22,2,1,10,1114,59,0
22,2,2,10,67,7,0
22,2,3,10,157,28,4
22,3,1,10,183,3,0
22,3,4,10,46,6,0
22,3,5,10,220,14,0
22,3,6,10,0,0,0
22,3,3,10,27,9,1
23,1,1,10,409,81,0
23,1,2,10,76,16,0
23,1,3,10,85,22,0
23,2,1,10,628,75,1
23,2,2,10,66,8,0
23,2,3,10,34,14,2
23,3,1,10,114,12,0
23,3,4,10,39,13,0
23,3,5,10,141,17,0
23,3,6,10,0,0,0
23,3,3,10,34,13,4
24,1,1,10,1092,710,2
24,1,2,10,271,136,0
24,1,3,10,676,110,13
24,2,1,10,2062,263,2
24,2,2,10,241,96,0
24,2,3,10,504,76,9
24,3,1,10,254,12,0
24,3,4,10,98,15,0
24,3,5,10,950,205,0
24,3,6,10,1,0,0
24,3,3,10,84,24,4
25,1,1,10,1146,373,0
25,1,2,10,28,7,0
25,1,3,10,527,124,13
25,2,1,10,1825,379,1
25,2,2,10,32,6,0
25,2,3,10,247,71,4
25,3,1,10,289,94,1
25,3,4,10,85,40,0
25,3,5,10,234,80,0
25,3,6,10,5,0,0
25,3,3,10,47,20,1
26,1,1,10,853,200,1
26,1,2,10,150,82,0
26,1,3,10,182,54,11
26,2,1,10,1480,170,0
26,2,2,10,83,28,0
26,2,3,10,36,18,1
26,3,1,10,188,55,0
26,3,4,10,79,44,0
26,3,5,10,227,69,0
26,3,6,10,2,0,0
26,3,3,10,20,10,4
27,1,1,10,1038,420,0
27,1,2,10,82,49,0
27,1,3,10,250,53,8
27,2,1,10,1407,395,1
27,2,2,10,70,34,0
27,2,3,10,93,24,0
27,3,1,10,155,39,0
27,3,4,10,51,27,0
27,3,5,10,304,122,0
27,3,6,10,0,0,0
27,3,3,10,25,10,1
28,1,1,10,1549,239,0
28,1,2,10,0,0,0
28,1,3,10,394,42,11
28,2,1,10,2180,103,3
28,2,2,10,3,0,0
28,2,3,10,120,19,4
28,3,1,10,282,17,0
28,3,4,10,123,16,0
28,3,5,10,280,17,0
28,3,6,10,3,0,0
28,3,3,10,7,2,0
29,1,1,10,506,125,0
29,1,2,10,19,4,0
29,1,3,10,144,40,4
29,2,1,10,610,87,0
29,2,2,10,9,4,0
29,2,3,10,50,23,0
29,3,1,10,112,10,0
29,3,4,10,57,17,0
29,3,5,10,134,11,0
29,3,6,10,0,0,0
29,3,3,10,14,12,0
30,1,1,10,2833,1860,0
30,1,2,10,517,594,1
30,1,3,10,1306,327,36
30,2,1,10,5571,1903,7
30,2,2,10,463,491,0
30,2,3,10,619,209,15
30,3,1,10,460,89,2
30,3,4,10,150,75,0
30,3,5,10,1619,666,0
30,3,6,10,20,10,0
30,3,3,10,95,52,3
31,1,1,10,619,106,1
31,1,2,10,233,28,0
31,1,3,10,180,55,4
31,2,1,10,1041,99,2
31,2,2,10,128,34,0
31,2,3,10,71,33,1
31,3,1,10,233,35,0
31,3,4,10,74,16,0
31,3,5,10,146,38,0
31,3,6,10,10,1,0
31,3,3,10,48,22,2
32,1,1,10,750,590,0
32,1,2,10,1,0,0
32,1,3,10,279,47,5
32,2,1,10,1394,259,0
32,2,2,10,4,0,0
32,2,3,10,172,39,3
32,3,1,10,144,17,0
32,3,4,10,62,13,0
32,3,5,10,678,167,1
32,3,6,10,0,0,0
32,3,3,10,50,9,0
1,1,1,11,460,46,0
1,1,2,11,0,0,0
1,1,3,11,109,15,0
1,2,1,11,633,46,0
1,2,2,11,1,0,0
1,2,3,11,39,5,0
1,3,1,11,117,1,0
1,3,4,11,63,3,0
1,3,5,11,149,10,0
1,3,6,11,0,0,0
1,3,3,11,12,4,0
2,1,1,11,1050,190,2
2,1,2,11,30,21,0
2,1,3,11,70,17,1
2,2,1,11,1418,131,4
2,2,2,11,52,22,0
2,2,3,11,20,6,1
2,3,1,11,405,45,0
2,3,4,11,69,14,0
2,3,5,11,74,20,0
2,3,6,11,1,0,0
2,3,3,11,0,0,0
3,1,1,11,274,31,0
3,1,2,11,1,0,0
3,1,3,11,64,24,0
3,2,1,11,286,82,1
3,2,2,11,3,2,0
3,2,3,11,38,11,0
3,3,1,11,78,7,0
3,3,4,11,26,6,0
3,3,5,11,49,7,0
3,3,6,11,1,0,0
3,3,3,11,0,0,0
4,1,1,11,322,90,0
4,1,2,11,81,37,0
4,1,3,11,129,39,0
4,2,1,11,438,210,0
4,2,2,11,32,19,0
4,2,3,11,61,26,0
4,3,1,11,56,14,0
4,3,4,11,33,18,0
4,3,5,11,120,37,0
4,3,6,11,5,1,0
4,3,3,11,18,20,1
5,1,1,11,1249,138,0
5,1,2,11,1,0,0
5,1,3,11,279,28,4
5,2,1,11,1475,277,1
5,2,2,11,2,0,0
5,2,3,11,48,8,0
5,3,1,11,271,37,0
5,3,4,11,125,24,0
5,3,5,11,75,27,0
5,3,6,11,2,0,0
5,3,3,11,10,2,0
6,1,1,11,280,19,1
6,1,2,11,0,0,0
6,1,3,11,81,9,0
6,2,1,11,381,77,1
6,2,2,11,2,1,0
6,2,3,11,24,5,0
6,3,1,11,75,4,0
6,3,4,11,21,3,0
6,3,5,11,51,3,0
6,3,6,11,6,0,0
6,3,3,11,2,1,0
7,1,1,11,786,305,0
7,1,2,11,243,214,1
7,1,3,11,1231,854,32
7,2,1,11,705,235,1
7,2,2,11,365,264,0
7,2,3,11,984,671,28
7,3,1,11,134,10,0
7,3,4,11,30,10,0
7,3,5,11,244,76,0
7,3,6,11,4,1,0
7,3,3,11,137,120,4
8,1,1,11,1376,199,1
8,1,2,11,88,76,0
8,1,3,11,294,111,7
8,2,1,11,1792,281,4
8,2,2,11,181,149,0
8,2,3,11,157,95,10
8,3,1,11,286,43,0
8,3,4,11,103,22,0
8,3,5,11,228,93,0
8,3,6,11,8,1,0
8,3,3,11,44,31,1
9,1,1,11,2905,374,1
9,1,2,11,0,0,0
9,1,3,11,0,0,0
9,2,1,11,3115,137,4
9,2,2,11,5,0,0
9,2,3,11,0,0,0
9,3,1,11,974,61,5
9,3,4,11,227,7,0
9,3,5,11,41,5,0
9,3,6,11,74,7,0
9,3,3,11,0,0,0
10,1,1,11,952,169,2
10,1,2,11,41,28,0
10,1,3,11,322,73,4
10,2,1,11,1456,392,1
10,2,2,11,107,57,0
10,2,3,11,251,86,5
10,3,1,11,153,16,0
10,3,4,11,87,14,0
10,3,5,11,453,88,0
10,3,6,11,3,0,0
10,3,3,11,48,27,0
11,1,1,11,3374,353,2
11,1,2,11,7,0,0
11,1,3,11,468,60,9
11,2,1,11,3877,349,5
11,2,2,11,10,0,0
11,2,3,11,243,46,4
11,3,1,11,448,23,0
11,3,4,11,100,7,0
11,3,5,11,906,121,0
11,3,6,11,1,0,0
11,3,3,11,61,25,4
12,1,1,11,1376,824,2
12,1,2,11,315,304,0
12,1,3,11,457,150,11
12,2,1,11,1953,939,0
12,2,2,11,350,306,0
12,2,3,11,346,142,7
12,3,1,11,208,70,2
12,3,4,11,166,126,0
12,3,5,11,535,337,0
12,3,6,11,1,0,0
12,3,3,11,157,59,2
13,1,1,11,1168,206,0
13,1,2,11,360,122,0
13,1,3,11,982,163,12
13,2,1,11,1676,438,1
13,2,2,11,415,188,0
13,2,3,11,307,106,4
13,3,1,11,257,22,0
13,3,4,11,68,13,0
13,3,5,11,547,198,0
13,3,6,11,1,1,0
13,3,3,11,65,42,1
14,1,1,11,3621,587,4
14,1,2,11,30,29,0
14,1,3,11,590,175,12
14,2,1,11,4489,859,1
14,2,2,11,72,42,0
14,2,3,11,223,74,6
14,3,1,11,766,78,0
14,3,4,11,264,41,0
14,3,5,11,479,120,0
14,3,6,11,9,0,0
14,3,3,11,132,57,2
15,1,1,11,6396,560,6
15,1,2,11,251,39,0
15,1,3,11,414,108,6
15,2,1,11,6667,589,1
15,2,2,11,149,17,0
15,2,3,11,159,66,4
15,3,1,11,1947,183,1
15,3,4,11,409,47,0
15,3,5,11,913,97,0
15,3,6,11,5,1,0
15,3,3,11,58,25,5
16,1,1,11,935,260,1
16,1,2,11,14,10,1
16,1,3,11,665,218,9
16,2,1,11,1174,314,2
16,2,2,11,16,10,0
16,2,3,11,316,113,10
16,3,1,11,225,17,0
16,3,4,11,63,13,0
16,3,5,11,243,84,0
16,3,6,11,13,3,0
16,3,3,11,93,35,1
17,1,1,11,925,144,1
17,1,2,11,12,6,0
17,1,3,11,77,12,1
17,2,1,11,986,100,2
17,2,2,11,13,3,0
17,2,3,11,35,7,0
17,3,1,11,232,19,0
17,3,4,11,52,16,0
17,3,5,11,117,32,0
17,3,6,11,3,0,0
17,3,3,11,12,2,0
18,1,1,11,584,123,0
18,1,2,11,74,22,0
18,1,3,11,198,28,3
18,2,1,11,677,165,1
18,2,2,11,101,50,0
18,2,3,11,111,18,2
18,3,1,11,112,25,0
18,3,4,11,76,14,0
18,3,5,11,200,94,0
18,3,6,11,5,0,0
18,3,3,11,19,9,0
19,1,1,11,2203,208,6
19,1,2,11,1,0,0
19,1,3,11,258,39,5
19,2,1,11,2538,143,1
19,2,2,11,2,0,0
19,2,3,11,68,13,2
19,3,1,11,657,19,0
19,3,4,11,181,9,0
19,3,5,11,70,12,0
19,3,6,11,24,0,0
19,3,3,11,43,11,0
20,1,1,11,982,217,3
20,1,2,11,596,191,2
20,1,3,11,552,239,10
20,2,1,11,1318,286,1
20,2,2,11,639,217,0
20,2,3,11,509,233,9
20,3,1,11,146,11,0
20,3,4,11,59,12,0
20,3,5,11,642,121,0
20,3,6,11,1,1,0
20,3,3,11,174,108,2
21,1,1,11,2684,378,6
21,1,2,11,704,215,0
21,1,3,11,569,187,7
21,2,1,11,2995,489,3
21,2,2,11,487,231,0
21,2,3,11,230,103,3
21,3,1,11,477,37,1
21,3,4,11,131,28,0
21,3,5,11,1190,194,0
21,3,6,11,16,0,0
21,3,3,11,27,24,0
22,1,1,11,766,91,0
22,1,2,11,71,12,0
22,1,3,11,444,49,3
22,2,1,11,1064,109,0
22,2,2,11,64,10,0
22,2,3,11,154,34,1
22,3,1,11,182,4,0
22,3,4,11,48,4,0
22,3,5,11,202,32,0
22,3,6,11,0,0,0
22,3,3,11,26,11,0
23,1,1,11,414,76,0
23,1,2,11,72,20,0
23,1,3,11,78,29,0
23,2,1,11,569,134,1
23,2,2,11,55,19,0
23,2,3,11,30,20,0
23,3,1,11,116,10,0
23,3,4,11,34,18,0
23,3,5,11,132,26,0
23,3,6,11,0,0,0
23,3,3,11,31,19,1
24,1,1,11,1330,472,2
24,1,2,11,302,105,0
24,1,3,11,675,116,8
24,2,1,11,2049,276,2
24,2,2,11,231,106,0
24,2,3,11,475,109,5
24,3,1,11,251,15,0
24,3,4,11,99,14,0
24,3,5,11,866,289,0
24,3,6,11,1,0,0
24,3,3,11,80,29,3
25,1,1,11,1121,398,0
25,1,2,11,30,5,0
25,1,3,11,519,141,4
25,2,1,11,1652,552,1
25,2,2,11,26,12,0
25,2,3,11,234,87,1
25,3,1,11,297,86,1
25,3,4,11,82,43,0
25,3,5,11,197,117,0
25,3,6,11,4,1,0
25,3,3,11,44,24,0
26,1,1,11,873,180,1
26,1,2,11,147,85,0
26,1,3,11,182,56,9
26,2,1,11,1356,294,0
26,2,2,11,73,38,0
26,2,3,11,38,16,1
26,3,1,11,189,54,0
26,3,4,11,85,38,0
26,3,5,11,196,100,0
26,3,6,11,2,0,0
26,3,3,11,24,8,2
27,1,1,11,1094,364,0
27,1,2,11,81,50,0
27,1,3,11,238,67,6
27,2,1,11,1274,528,1
27,2,2,11,57,47,0
27,2,3,11,83,34,0
27,3,1,11,159,35,0
27,3,4,11,60,18,0
27,3,5,11,298,128,0
27,3,6,11,0,0,0
27,3,3,11,23,12,1
28,1,1,11,1599,189,0
28,1,2,11,0,0,0
28,1,3,11,395,45,7
28,2,1,11,2118,165,3
28,2,2,11,2,1,0
28,2,3,11,121,21,1
28,3,1,11,287,12,0
28,3,4,11,125,14,0
28,3,5,11,269,28,0
28,3,6,11,2,1,0
28,3,3,11,7,2,0
29,1,1,11,541,90,0
29,1,2,11,18,5,0
29,1,3,11,135,52,1
29,2,1,11,600,97,0
29,2,2,11,10,3,0
29,2,3,11,46,27,0
29,3,1,11,110,12,0
29,3,4,11,57,17,0
29,3,5,11,130,15,0
29,3,6,11,0,0,0
29,3,3,11,15,11,0
30,1,1,11,3145,1548,0
30,1,2,11,587,524,1
30,1,3,11,1253,394,22
30,2,1,11,5395,2079,7
30,2,2,11,460,494,0
30,2,3,11,600,232,11
30,3,1,11,463,86,2
30,3,4,11,162,63,0
30,3,5,11,1488,797,0
30,3,6,11,22,8,0
30,3,3,11,91,57,2
31,1,1,11,658,67,1
31,1,2,11,225,36,0
31,1,3,11,176,62,1
31,2,1,11,1013,127,2
31,2,2,11,124,38,0
31,2,3,11,69,35,1
31,3,1,11,228,40,0
31,3,4,11,75,15,0
31,3,5,11,134,50,0
31,3,6,11,11,0,0
31,3,3,11,38,32,2
32,1,1,11,962,378,0
32,1,2,11,1,0,0
32,1,3,11,284,45,2
32,2,1,11,1269,384,0
32,2,2,11,2,2,0
32,2,3,11,172,40,2
32,3,1,11,140,21,0
32,3,4,11,65,10,0
32,3,5,11,617,228,1
32,3,6,11,0,0,0
32,3,3,11,48,11,0
